year,month,meant,maxtp,mintp,mnmax,mnmin,rain,gmin,wdsp,maxgt,sun,Location
2000,1,5.6,12.5,-2.0,8.0,3.1,50.2,-7.0,10.1,48,77.1,Cork
2000,2,6.8,12.7,0.0,9.9,3.7,112.0,-3.6,12.0,50,85.6,Cork
2000,3,8.0,15.7,0.4,11.3,4.7,20.2,-5.2,7.6,38,122.3,Cork
2000,4,7.3,14.4,-1.8,10.6,3.9,50.2,-6.7,10.1,45,147.0,Cork
2000,5,11.7,22.1,4.0,15.6,7.8,70.8,0.0,9.1,38,237.8,Cork
2000,6,13.3,21.6,6.0,16.6,9.9,63.4,2.8,8.9,36,130.4,Cork
2000,7,15.6,24.2,8.4,19.1,12.1,68.1,6.3,8.2,39,165.9,Cork
2000,8,15.6,23.3,8.4,19.1,12.1,39.9,3.8,8.0,39,174.9,Cork
2000,9,13.7,21.1,5.3,17.0,10.4,109.5,-1.0,8.0,39,105.6,Cork
2000,10,9.6,16.5,3.0,12.8,6.4,183.9,0.1,11.4,51,122.5,Cork
2000,11,6.7,12.1,1.4,9.2,4.1,191.5,-1.1,11.9,66,77.4,Cork
2000,12,6.2,11.7,-3.6,8.3,4.1,183.2,-6.0,12.4,51,60.0,Cork
2001,1,4.8,10.5,-2.7,7.3,2.4,87.3,-4.9,9.0,49,69.5,Cork
2001,2,5.7,13.2,-2.0,8.8,2.6,133.4,-8.1,9.5,64,89.0,Cork
2001,3,6.3,13.3,-4.0,9.1,3.4,116.4,-9.8,11.1,48,109.1,Cork
2001,4,8.1,14.2,0.6,11.8,4.4,70.5,-3.1,9.9,44,169.0,Cork
2001,5,12.0,21.0,2.9,16.4,7.7,22.7,-3.0,8.2,35,256.5,Cork
2001,6,13.5,20.7,4.3,17.1,9.8,57.8,-0.6,8.6,37,196.3,Cork
2001,7,15.2,23.8,7.3,18.8,11.6,117.7,3.3,9.1,43,192.7,Cork
2001,8,15.0,23.4,8.0,18.7,11.3,154.2,5.5,7.8,41,203.5,Cork
2001,9,13.9,21.8,6.4,17.4,10.4,71.3,4.8,9.2,41,133.0,Cork
2001,10,12.3,17.7,6.3,15.0,9.6,142.2,2.9,10.9,50,111.3,Cork
2001,11,8.9,14.2,0.6,11.7,6.2,31.1,-1.5,8.5,39,68.4,Cork
2001,12,5.9,12.9,-1.9,8.5,3.4,72.7,-4.5,9.7,53,104.2,Cork
2002,1,7.8,12.7,2.3,10.2,5.4,224.7,-3.0,12.4,52,56.5,Cork
2002,2,7.3,13.8,0.2,10.4,4.1,153.0,-1.9,13.6,57,90.5,Cork
2002,3,7.8,15.3,-0.9,10.8,4.7,63.5,-2.3,10.3,54,91.6,Cork
2002,4,8.8,17.2,2.4,12.4,5.3,117.9,-1.9,10.3,48,171.8,Cork
2002,5,10.6,17.0,3.1,14.1,7.1,162.8,-2.6,10.2,47,171.3,Cork
2002,6,12.0,18.8,5.8,15.6,8.4,105.2,2.3,10.1,44,153.7,Cork
2002,7,14.2,23.0,7.1,17.7,10.7,54.0,2.5,7.7,33,137.6,Cork
2002,8,15.1,23.2,8.3,18.6,11.6,47.5,4.9,7.7,39,133.1,Cork
2002,9,13.6,19.7,7.1,16.8,10.3,35.6,2.3,7.9,30,151.8,Cork
2002,10,10.2,17.7,1.7,13.3,7.1,213.5,-2.8,9.2,55,104.3,Cork
2002,11,8.5,15.7,0.4,11.2,5.8,215.1,-3.0,10.0,52,67.7,Cork
2002,12,6.6,12.2,0.3,8.3,4.9,145.3,-1.8,10.7,50,33.0,Cork
2003,1,5.3,16.1,-1.9,8.1,2.6,76.0,-5.5,12.1,53,85.4,Cork
2003,2,5.8,11.0,-0.3,8.1,3.4,78.6,-5.6,11.2,47,65.6,Cork
2003,3,7.5,13.6,0.5,10.6,4.5,70.3,-4.6,10.6,52,132.3,Cork
2003,4,9.2,18.1,1.3,12.3,6.1,126.7,-4.0,10.3,48,167.1,Cork
2003,5,10.2,19.6,2.8,13.7,6.7,100.3,-0.4,10.0,38,173.0,Cork
2003,6,13.3,20.1,6.5,16.9,9.7,115.5,2.5,8.9,38,216.7,Cork
2003,7,15.1,21.9,8.4,18.4,11.7,96.2,4.3,8.3,32,122.8,Cork
2003,8,16.2,25.2,7.4,20.1,12.3,23.1,5.8,7.6,30,201.8,Cork
2003,9,13.7,20.4,5.7,17.0,10.4,55.4,2.1,6.9,37,136.2,Cork
2003,10,9.8,18.1,0.0,12.8,6.8,27.8,-2.4,9.8,42,125.4,Cork
2003,11,8.2,14.0,1.0,11.0,5.5,125.0,-1.9,10.5,52,89.5,Cork
2003,12,6.4,12.1,-0.1,8.8,4.1,72.8,-3.9,9.7,40,54.5,Cork
2004,1,6.1,12.0,-4.0,8.6,3.5,106.6,-9.3,9.9,52,67.2,Cork
2004,2,5.7,12.2,-3.0,8.1,3.3,78.8,-5.4,9.8,52,108.4,Cork
2004,3,7.1,13.4,0.5,10.0,4.2,114.0,-2.4,12.0,56,135.9,Cork
2004,4,8.3,14.2,0.8,11.5,5.1,65.3,-0.2,10.3,45,146.1,Cork
2004,5,11.4,20.3,3.2,15.3,7.6,46.2,0.9,8.7,53,223.4,Cork
2004,6,14.2,25.2,6.3,18.3,10.2,100.0,5.1,9.3,41,224.5,Cork
2004,7,14.1,20.5,7.6,17.9,10.3,54.5,5.3,7.8,34,181.2,Cork
2004,8,15.2,22.2,9.1,18.4,12.1,178.1,6.9,8.7,40,157.6,Cork
2004,9,13.7,22.8,7.0,16.8,10.7,96.6,5.2,10.2,45,123.2,Cork
2004,10,9.1,15.2,1.9,12.1,6.2,170.3,-1.8,10.9,55,111.2,Cork
2004,11,8.5,13.1,1.4,10.8,6.3,35.0,-2.9,7.8,38,48.9,Cork
2004,12,7.1,13.4,-0.4,9.3,4.9,70.0,-2.5,9.6,54,51.3,Cork
2005,1,6.8,12.6,-0.2,9.4,4.1,125.4,-4.5,13.9,61,65.0,Cork
2005,2,5.2,13.1,-2.2,7.7,2.6,28.9,-8.2,10.0,56,78.5,Cork
2005,3,7.4,13.8,-1.4,9.7,5.1,83.1,-4.6,10.1,41,86.8,Cork
2005,4,8.0,14.7,0.5,11.6,4.5,133.3,-3.4,9.6,43,155.9,Cork
2005,5,10.3,16.6,2.7,13.5,7.1,89.1,-1.8,10.2,38,194.1,Cork
2005,6,14.1,21.0,5.6,17.5,10.8,58.9,0.8,8.2,31,159.5,Cork
2005,7,15.8,26.2,7.4,19.3,12.3,107.1,4.7,8.6,33,167.0,Cork
2005,8,15.3,23.8,8.0,19.1,11.5,52.1,5.5,7.7,41,158.7,Cork
2005,9,13.5,19.8,5.0,16.8,10.2,110.8,-0.7,9.1,42,116.8,Cork
2005,10,11.1,15.9,3.6,13.6,8.6,219.8,-2.7,10.4,46,64.9,Cork
2005,11,7.4,14.3,-0.1,10.1,4.7,104.8,-2.9,10.0,53,80.5,Cork
2005,12,6.5,11.5,0.1,8.7,4.4,78.4,-3.6,8.6,48,63.0,Cork
2006,1,6.1,13.4,0.2,8.2,3.9,48.9,-5.1,9.7,46,56.6,Cork
2006,2,5.3,10.4,-0.8,7.6,2.9,29.0,-5.1,9.1,45,72.8,Cork
2006,3,5.8,13.7,-4.0,8.6,3.0,111.4,-8.5,11.4,47,84.4,Cork
2006,4,8.5,16.3,-1.3,12.3,4.7,31.0,-4.0,9.4,43,191.4,Cork
2006,5,10.5,18.0,2.5,13.8,7.1,134.5,0.0,10.1,49,155.1,Cork
2006,6,14.5,22.5,7.4,18.6,10.4,14.6,0.7,7.8,37,257.3,Cork
2006,7,16.4,25.3,8.3,20.4,12.3,58.3,3.2,7.8,42,208.4,Cork
2006,8,15.4,25.4,8.8,19.4,11.5,67.2,3.4,9.1,34,179.3,Cork
2006,9,14.4,21.1,7.2,17.7,11.2,178.6,2.2,9.5,46,122.7,Cork
2006,10,11.9,16.1,5.5,14.5,9.3,188.3,-0.4,9.8,42,90.7,Cork
2006,11,7.6,13.5,0.5,10.7,4.6,154.9,-3.4,9.2,54,101.9,Cork
2006,12,6.9,12.6,0.2,9.2,4.6,181.6,-2.1,12.0,61,45.2,Cork
2007,1,6.4,12.7,-0.9,8.9,3.9,89.4,-3.7,12.5,53,62.6,Cork
2007,2,6.3,12.0,-0.3,9.2,3.5,141.9,-5.0,10.4,49,70.4,Cork
2007,3,6.7,13.5,0.4,10.4,3.1,89.3,-5.0,10.4,55,135.6,Cork
2007,4,11.0,17.6,2.0,14.9,7.2,27.0,-1.5,7.6,37,223.7,Cork
2007,5,11.7,23.5,3.7,15.9,7.6,64.6,-1.9,9.3,42,239.1,Cork
2007,6,13.7,21.1,6.6,16.9,10.5,155.7,0.6,8.4,35,161.9,Cork
2007,7,14.3,20.3,8.3,17.7,10.8,117.5,2.7,8.2,47,213.5,Cork
2007,8,14.8,22.8,8.0,18.2,11.4,80.2,5.5,9.1,38,170.1,Cork
2007,9,13.9,21.5,3.4,17.5,10.2,36.3,-1.5,7.7,34,158.8,Cork
2007,10,11.8,16.6,5.0,14.4,9.2,64.0,0.0,6.4,40,73.6,Cork
2007,11,8.6,15.0,-1.5,11.3,5.9,56.8,-6.1,7.9,43,72.8,Cork
2007,12,7.3,13.8,-0.4,9.7,4.8,134.7,-4.8,12.7,55,49.9,Cork
2008,1,6.4,12.7,-4.3,9.4,3.3,193.1,-9.6,12.0,69,62.6,Cork
2008,2,6.3,12.4,-1.6,9.1,3.6,51.8,-5.5,9.9,50,58.1,Cork
2008,3,6.2,12.5,-1.2,9.8,2.7,113.2,-3.9,12.0,65,132.6,Cork
2008,4,7.8,16.6,-0.8,11.4,4.2,54.0,-4.8,9.7,39,169.1,Cork
2008,5,12.1,20.0,3.5,15.3,8.9,75.6,0.2,8.6,40,172.7,Cork
2008,6,13.4,22.8,6.6,17.3,9.5,128.9,3.5,8.9,38,185.0,Cork
2008,7,14.6,21.2,8.3,17.8,11.3,155.8,2.4,8.3,40,135.7,Cork
2008,8,14.6,23.9,8.0,17.8,11.4,165.1,4.4,8.7,32,107.1,Cork
2008,9,12.2,17.2,6.6,15.6,8.8,123.6,2.1,8.0,38,122.2,Cork
2008,10,9.2,15.9,0.5,12.6,5.9,139.8,-3.2,10.1,47,114.8,Cork
2008,11,7.4,13.8,-1.5,10.0,4.9,79.4,-5.6,10.5,48,94.3,Cork
2008,12,5.5,11.6,-0.5,7.8,3.2,60.2,-5.4,9.1,43,54.1,Cork
2009,1,4.8,10.4,-1.8,7.5,2.1,197.6,-7.1,9.9,71,66.3,Cork
2009,2,5.2,11.8,-3.3,7.8,2.6,21.1,-10.3,7.6,33,64.9,Cork
2009,3,6.8,14.1,-0.8,10.0,3.7,41.3,-3.7,10.1,45,107.9,Cork
2009,4,8.3,16.9,1.4,11.6,5.1,155.0,-4.7,9.0,41,144.9,Cork
2009,5,10.4,18.5,3.3,14.0,6.7,90.5,-0.3,10.6,41,193.5,Cork
2009,6,13.8,21.2,5.4,17.4,10.2,84.5,3.2,8.3,32,246.3,Cork
2009,7,14.2,19.7,7.5,17.5,10.8,203.8,4.1,9.3,36,183.3,Cork
2009,8,14.1,23.8,7.5,17.4,10.8,157.1,2.0,9.5,37,135.6,Cork
2009,9,12.9,19.7,7.4,16.3,9.4,55.4,3.3,7.7,34,153.7,Cork
2009,10,11.7,17.3,5.0,14.3,9.0,166.6,0.5,8.5,46,80.4,Cork
2009,11,7.4,13.0,-0.3,10.1,4.7,245.3,-3.0,13.1,48,84.1,Cork
2009,12,3.9,10.9,-2.7,6.4,1.3,160.3,-7.3,10.6,48,80.9,Cork
2010,1,3.0,9.9,-5.6,5.7,0.3,125.7,-8.1,9.1,54,118.4,Cork
2010,2,3.4,9.6,-3.6,6.4,0.4,42.7,-8.4,8.8,41,113.2,Cork
2010,3,5.7,12.7,-1.7,9.0,2.4,95.5,-7.7,9.5,45,151.9,Cork
2010,4,8.5,16.7,-0.6,12.3,4.7,41.3,-2.7,8.4,42,198.0,Cork
2010,5,10.6,19.4,1.7,14.4,6.8,47.5,-2.0,7.9,28,197.4,Cork
2010,6,14.6,20.6,7.4,18.5,10.8,48.0,4.0,8.3,31,208.9,Cork
2010,7,14.9,23.1,7.8,18.3,11.4,134.8,5.0,9.1,35,137.8,Cork
2010,8,14.4,20.8,6.1,18.2,10.6,17.1,3.0,8.9,36,203.7,Cork
2010,9,13.4,20.8,4.1,16.6,10.3,79.1,-0.5,9.0,35,128.9,Cork
2010,10,10.3,18.0,1.9,13.6,7.1,120.5,-2.2,9.3,41,133.0,Cork
2010,11,5.5,15.7,-3.3,8.3,2.8,85.6,-5.9,10.5,58,97.3,Cork
2010,12,1.7,10.4,-7.2,4.0,-0.5,66.9,-9.8,8.9,34,83.8,Cork
2011,1,4.1,11.5,-3.7,6.4,1.8,74.5,-7.6,8.7,44,87.5,Cork
2011,2,6.8,12.9,-0.3,9.7,3.9,129.0,-5.7,11.2,50,70.2,Cork
2011,3,6.8,15.1,-1.0,10.4,3.2,32.3,-7.6,7.3,42,159.2,Cork
2011,4,10.6,18.2,2.4,14.3,6.8,42.7,-1.4,8.3,39,182.8,Cork
2011,5,10.7,17.3,3.9,13.8,7.6,122.7,0.0,12.4,45,146.1,Cork
2011,6,12.0,21.5,4.7,15.7,8.2,88.7,0.1,9.5,35,197.8,Cork
2011,7,13.9,20.8,6.2,17.2,10.6,39.2,1.5,8.2,36,130.8,Cork
2011,8,13.4,20.1,5.9,16.8,9.9,55.0,-0.2,7.7,31,131.7,Cork
2011,9,12.7,20.1,6.1,15.5,9.9,115.6,0.8,11.1,46,68.4,Cork
2011,10,11.1,18.9,3.3,14.2,8.0,91.7,-1.8,10.0,50,71.7,Cork
2011,11,9.5,14.4,2.6,12.0,7.1,148.7,-3.6,11.9,48,63.0,Cork
2011,12,6.1,13.1,-0.1,8.8,3.3,82.6,-4.4,11.4,45,43.6,Cork
2012,1,7.2,12.4,0.3,9.6,4.9,94.1,-3.1,10.6,53,35.7,Cork
2012,2,7.4,13.7,-1.2,9.5,5.4,42.4,-5.0,9.1,38,38.7,Cork
2012,3,8.3,18.8,0.4,11.4,5.3,23.7,-3.8,8.6,41,120.1,Cork
2012,4,7.1,14.3,-0.3,10.6,3.6,82.6,-5.3,11.3,45,163.3,Cork
2012,5,10.5,21.8,2.7,13.5,7.4,72.9,-1.7,8.7,36,160.5,Cork
2012,6,12.4,19.2,5.5,15.4,9.5,228.3,-0.5,9.0,42,93.6,Cork
2012,7,13.8,21.0,6.8,17.0,10.7,112.9,4.0,8.8,32,136.9,Cork
2012,8,15.0,21.7,9.2,17.9,12.1,186.2,2.1,9.6,48,127.0,Cork
2012,9,12.6,20.6,6.1,16.1,9.1,23.1,-0.2,8.6,39,147.8,Cork
2012,10,9.2,14.5,-0.1,12.0,6.4,100.1,-3.0,8.8,39,105.9,Cork
2012,11,6.5,12.5,0.0,9.2,3.7,116.8,-5.9,9.6,46,89.8,Cork
2012,12,6.5,12.6,-0.2,9.0,3.9,145.2,-4.7,10.5,48,61.0,Cork
2013,1,6.0,11.8,-1.7,8.3,3.6,159.0,-7.5,10.0,53,51.3,Cork
2013,2,5.1,12.2,-2.5,7.6,2.6,51.7,-6.7,10.8,54,73.6,Cork
2013,3,4.3,10.4,-3.7,6.7,1.9,134.9,-8.0,12.1,46,76.9,Cork
2013,4,7.4,17.9,-0.7,10.6,4.1,97.2,-6.6,12.3,59,168.0,Cork
2013,5,10.0,19.4,3.8,13.4,6.6,64.4,-0.4,11.9,42,197.6,Cork
2013,6,13.5,22.4,5.3,17.3,9.6,116.4,1.6,9.4,36,205.2,Cork
2013,7,17.3,26.0,7.2,21.3,13.3,67.5,1.5,7.0,29,264.5,Cork
2013,8,15.3,21.5,9.2,19.0,11.7,51.6,3.7,8.6,33,133.5,Cork
2013,9,13.5,21.9,6.2,16.6,10.4,42.9,1.8,9.3,43,119.0,Cork
2013,10,11.9,17.5,2.2,14.7,9.2,182.9,-1.7,9.6,44,85.1,Cork
2013,11,6.7,14.6,-1.6,9.4,4.0,64.2,-4.7,7.6,50,73.3,Cork
2013,12,6.4,12.0,-0.7,9.2,3.5,211.4,-6.1,11.7,60,40.2,Cork
2014,1,5.5,12.3,-0.3,8.5,2.6,200.4,-5.1,11.5,57,73.2,Cork
2014,2,5.0,10.6,-0.5,8.2,1.9,240.5,-6.5,13.7,70,65.2,Cork
2014,3,6.9,14.8,-0.5,10.1,3.6,107.8,-4.2,10.0,46,108.0,Cork
2014,4,9.4,15.6,2.5,12.5,6.4,104.6,-4.0,9.6,46,144.6,Cork
2014,5,11.0,18.7,4.7,14.3,7.6,70.6,-1.0,8.9,41,150.3,Cork
2014,6,14.5,24.4,5.3,18.1,10.8,85.7,-1.5,7.6,32,206.3,Cork
2014,7,16.3,24.2,9.0,19.8,12.8,43.6,3.8,7.7,28,156.8,Cork
2014,8,14.2,20.6,6.9,18.0,10.4,88.3,1.5,9.1,37,183.3,Cork
2014,9,14.8,20.6,7.5,18.2,11.4,19.7,2.4,6.7,27,133.7,Cork
2014,10,11.2,16.5,4.1,14.4,7.9,180.1,-2.1,10.3,56,91.0,Cork
2014,11,8.4,14.8,1.8,11.2,5.6,192.0,-5.6,8.6,44,94.3,Cork
2014,12,6.3,12.4,-0.2,8.8,3.8,58.9,-4.4,10.2,41,70.7,Cork
2015,1,5.4,13.8,-2.5,8.4,2.3,117.1,-8.2,11.9,57,70.4,Cork
2015,2,4.8,13.6,-2.4,7.7,1.8,52.4,-6.0,9.5,47,81.3,Cork
2015,3,6.5,14.0,-1.8,10.0,3.0,88.8,-7.1,10.7,46,134.7,Cork
2015,4,8.8,16.4,0.5,12.8,4.8,16.0,-4.5,9.1,44,223.7,Cork
2015,5,10.1,18.5,3.1,13.7,6.5,137.3,-0.8,10.4,39,156.1,Cork
2015,6,13.0,21.5,4.2,16.9,9.1,54.3,-1.0,9.1,44,188.3,Cork
2015,7,13.7,20.7,7.6,17.0,10.5,158.8,2.6,9.7,37,145.3,Cork
2015,8,13.8,20.9,7.4,17.2,10.3,101.1,2.0,8.6,38,155.9,Cork
2015,9,12.5,18.1,7.1,15.5,9.5,97.6,2.8,8.7,30,115.6,Cork
2015,10,11.0,16.4,3.5,13.7,8.3,82.5,-1.4,8.3,39,81.7,Cork
2015,11,9.5,14.9,1.1,12.2,6.7,139.3,-1.5,12.4,53,47.3,Cork
2015,12,8.3,12.9,-0.9,11.0,5.5,402.2,-3.2,14.8,56,24.3,Cork
2016,1,6.1,12.4,-0.8,8.6,3.6,251.7,-6.5,11.8,51,41.5,Cork
2016,2,5.0,12.4,-0.6,8.1,2.0,150.9,-5.9,10.8,55,85.4,Cork
2016,3,6.1,12.4,-1.0,9.1,3.0,84.4,-5.5,9.7,50,96.7,Cork
2016,4,7.3,13.5,-1.1,10.9,3.8,103.3,-4.7,10.0,49,174.8,Cork
2016,5,11.9,21.7,2.5,15.7,8.1,85.4,-1.5,8.1,36,204.4,Cork
2016,6,14.4,22.4,8.6,17.8,10.9,65.6,1.7,8.4,31,177.8,Cork
2016,7,15.2,23.0,7.7,18.4,11.9,56.7,2.6,8.4,38,131.6,Cork
2016,8,15.0,21.5,8.8,18.4,11.5,84.7,4.6,9.3,36,146.7,Cork
2016,9,13.4,20.3,6.0,16.5,10.3,136.3,-0.7,9.2,42,68.4,Cork
2016,10,10.9,15.5,4.4,13.3,8.4,48.7,-1.1,8.9,34,93.2,Cork
2016,11,5.9,15.4,-1.1,8.8,3.0,40.7,-5.0,9.0,36,116.1,Cork
2016,12,7.4,12.5,1.4,9.7,5.0,94.2,-5.7,8.7,50,35.8,Cork
2017,1,6.3,12.0,-1.0,8.5,4.1,108.5,-4.7,8.9,49,70.1,Cork
2017,2,6.5,14.5,-0.9,9.4,3.7,113.3,-5.7,12.2,48,60.1,Cork
2017,3,8.1,16.3,-0.4,11.2,5.0,115.0,-4.4,10.8,50,107.4,Cork
2017,4,9.0,16.0,0.4,12.3,5.7,24.6,-4.2,8.1,37,108.2,Cork
2017,5,11.6,20.7,4.5,15.1,8.1,60.6,-2.6,8.6,38,183.6,Cork
2017,6,14.0,24.3,6.0,17.5,10.6,109.0,1.4,10.1,44,192.5,Cork
2017,7,15.3,23.6,8.0,19.2,11.4,60.2,5.3,8.2,33,181.1,Cork
2017,8,14.3,20.4,7.4,17.8,10.9,72.2,1.7,8.1,33,130.4,Cork
2017,9,12.7,21.0,5.8,15.9,9.5,169.0,2.4,9.6,43,135.4,Cork
2017,10,11.3,16.7,4.7,14.1,8.6,127.9,0.2,10.4,71,50.4,Cork
2017,11,7.7,14.1,0.6,10.3,5.1,74.8,-3.4,8.7,42,81.9,Cork
2017,12,6.3,12.4,-2.0,8.8,3.8,126.3,-3.9,10.2,54,49.9,Cork
2018,1,6.2,13.1,-0.9,9.0,3.3,156.6,-4.0,12.2,58,72.1,Cork
2018,2,4.1,13.4,-5.1,6.9,1.2,48.7,-5.7,10.8,49,107.7,Cork
2018,3,4.4,11.0,-7.0,7.5,1.3,164.9,-6.0,10.5,55,91.5,Cork
2018,4,8.4,15.3,0.8,11.4,5.4,180.7,-5.9,10.3,45,104.4,Cork
2018,5,11.8,23.6,2.5,15.7,7.9,82.8,-2.3,8.0,38,200.8,Cork
2018,6,15.8,25.1,7.4,19.8,11.7,10.4,5.3,7.6,41,256.9,Cork
2018,7,17.4,26.7,8.5,21.9,12.8,40.1,3.2,7.7,32,209.7,Cork
2018,8,15.1,23.6,7.0,18.9,11.3,59.0,-0.2,8.1,36,140.9,Cork
2018,9,12.3,20.2,4.7,15.9,8.7,77.4,-2.2,9.1,49,134.9,Cork
2018,10,9.9,18.1,0.3,13.0,6.8,62.0,-2.3,9.4,52,130.9,Cork
2018,11,8.0,13.6,1.7,10.3,5.6,201.5,-2.0,11.5,54,44.6,Cork
2018,12,8.3,13.0,1.8,10.5,6.0,193.2,-2.9,10.8,52,35.1,Cork
2019,1,6.4,11.0,-2.1,8.2,4.5,74.3,-8.8,8.3,56,51.7,Cork
2019,2,7.3,13.5,-0.7,9.8,4.9,81.5,-6.5,12.3,52,72.9,Cork
2019,3,7.2,16.8,-0.4,11.0,3.5,128.6,-4.5,10.9,55,134.9,Cork
2019,4,8.9,19.1,-0.1,11.9,5.9,135.8,-8.6,11.0,63,155.5,Cork
2019,5,11.1,20.3,2.8,14.6,7.5,41.0,-2.7,8.7,34,214.1,Cork
2019,6,12.5,23.3,5.5,15.9,9.0,110.5,-1.8,8.9,40,186.9,Cork
2019,7,16.0,22.7,9.9,19.6,12.5,43.9,2.9,8.5,34,175.7,Cork
2019,8,15.2,21.3,8.2,18.6,11.8,107.6,4.0,9.8,36,162.6,Cork
2019,9,13.6,19.6,7.3,17.3,10.0,91.1,0.7,9.2,37,147.5,Cork
2019,10,9.8,16.8,2.0,12.8,6.9,179.2,-3.2,9.9,38,123.2,Cork
2019,11,6.6,13.4,0.6,8.9,4.3,145.0,-4.6,10.6,42,69.8,Cork
2019,12,6.2,12.3,0.1,8.8,3.6,125.6,-4.8,10.7,54,61.0,Cork
2020,1,6.2,12.4,-0.9,8.7,3.6,112.2,-6.6,9.8,56,74.1,Cork
2020,2,6.0,12.2,-0.5,9.0,3.0,199.3,-5.5,14.6,57,83.0,Cork
2020,3,6.1,14.0,-0.8,9.6,2.7,64.7,-8.5,11.1,44,125.9,Cork
2020,4,9.6,19.3,1.8,13.1,6.0,72.3,-6.0,8.3,36,164.9,Cork
2020,5,11.4,19.9,1.8,15.1,7.8,68.8,-2.3,9.7,46,244.1,Cork
2020,6,13.6,24.0,5.9,16.9,10.2,94.1,2.3,10.3,44,136.0,Cork
2020,7,14.8,22.9,8.6,18.5,11.2,97.6,2.9,9.6,36,163.7,Cork
2020,8,15.5,24.1,6.6,18.9,12.2,175.0,0.6,8.6,58,151.7,Cork
2020,9,13.5,21.6,4.9,16.8,10.1,58.2,-1.3,8.6,40,144.8,Cork
2020,10,9.7,14.6,4.0,12.7,6.6,118.6,-1.5,11.4,50,126.9,Cork
2020,11,8.3,14.4,1.9,10.8,5.8,160.8,-1.9,10.6,46,76.1,Cork
2020,12,5.5,12.0,-0.3,7.9,3.0,185.4,-3.5,11.8,50,76.2,Cork
2021,1,4.7,10.9,-2.7,7.2,2.2,121.8,-7.8,9.4,38,95.2,Cork
2021,2,5.8,11.2,-1.1,8.2,3.4,235.9,-5.4,13.3,48,67.2,Cork
2021,3,7.3,16.0,0.2,10.3,4.4,67.5,-9.2,10.4,50,90.7,Cork
2021,4,7.7,15.3,-0.5,11.2,4.1,18.2,-4.6,8.4,30,210.0,Cork
2021,5,9.5,19.0,2.1,13.1,5.9,172.7,-1.4,9.9,48,196.3,Cork
2021,6,13.7,22.2,6.7,17.5,10.0,37.4,2.4,8.7,29,179.6,Cork
2021,7,16.6,25.7,7.4,20.4,12.9,60.7,2.8,7.6,33,192.6,Cork
2021,8,15.4,21.6,9.7,18.6,12.1,65.0,5.7,8.0,34,164.3,Cork
2021,9,14.6,23.3,5.6,17.4,11.7,85.4,2.7,7.2,33,83.1,Cork
2021,10,11.3,17.6,4.1,14.2,8.4,197.6,-1.5,9.2,47,104.4,Cork
2021,11,8.2,15.2,-1.2,10.9,5.6,34.2,-3.5,8.7,45,93.4,Cork
2021,12,7.7,13.0,0.9,9.5,5.9,148.0,-2.0,11.4,64,43.1,Cork
2022,1,6.5,13.0,0.1,9.1,3.8,38.3,-7.2,8.0,50,59.5,Cork
2022,2,7.0,13.1,-0.3,10.1,3.9,112.3,-5.3,12.7,66,80.7,Cork
2022,3,7.3,16.2,-0.3,11.0,3.6,61.9,-8.7,9.9,51,187.4,Cork
2022,4,9.0,15.5,-0.7,12.5,5.5,64.9,-7.9,9.4,39,167.2,Cork
2022,5,12.1,18.5,6.6,15.7,8.5,35.7,-1.6,8.9,38,164.4,Cork
2022,6,13.4,20.7,6.1,17.0,9.7,84.1,1.2,9.3,41,133.3,Cork
2022,7,16.1,26.9,8.4,20.0,12.3,28.1,3.5,8.3,31,153.5,Cork
2022,8,17.1,28.3,8.7,21.7,12.4,14.2,3.2,7.9,32,236.3,Cork
2022,9,13.8,20.9,7.4,17.3,10.3,162.7,2.4,9.0,45,123.4,Cork
2022,10,11.9,16.9,4.0,14.6,9.2,232.5,-1.0,10.9,43,81.4,Cork
2022,11,8.8,14.1,2.3,11.3,6.3,203.4,-1.4,11.5,52,75.6,Cork
2022,12,4.7,12.1,-5.4,7.2,2.2,112.6,-8.5,10.3,41,78.7,Cork
2023,1,6.1,11.9,-2.5,8.6,3.5,134.6,-6.2,9.8,53,66.1,Cork
2023,2,7.4,13.1,0.9,9.8,4.9,15.2,-5.2,9.5,33,56.2,Cork
2023,3,7.3,13.8,0.3,9.8,4.7,211.4,-5.2,11.7,46,46.7,Cork
2023,4,8.9,17.7,1.4,11.9,5.9,52.0,-5.2,9.9,53,108.5,Cork
2023,5,12.7,21.3,5.4,16.6,8.9,44.9,-1.1,8.4,32,212.4,Cork
2023,6,15.8,22.7,9.1,19.4,12.2,50.3,1.5,8.0,33,211.9,Cork
2023,7,14.7,22.7,8.7,18.4,11.1,145.2,4.9,9.8,43,134.6,Cork
2023,8,15.4,22.3,10.1,18.4,12.3,117.8,3.4,9.6,48,123.8,Cork
2023,9,14.6,24.4,6.0,17.9,11.3,171.4,-1.3,9.4,59,135.7,Cork
2023,10,11.2,18.3,2.9,13.9,8.5,307.2,-1.6,7.8,41,71.9,Cork
2023,11,8.1,13.2,-0.4,10.7,5.5,108.2,-0.1,10.3,47,101.2,Cork
2023,12,7.6,13.1,-1.2,9.8,5.5,169.1,-4.1,12.4,51,62.3,Cork
2024,1,4.8,12.3,-4.5,7.5,2.2,99.5,-8.8,10.6,58,94.6,Cork
2024,2,8.0,14.1,0.4,10.8,5.2,157.7,-3.1,10.2,39,74.3,Cork
2024,3,7.5,13.4,0.6,10.1,4.9,168.2,-2.6,12.2,41,92.6,Cork
2024,4,9.3,17.6,2.1,12.5,6.0,107.1,-1.5,11.2,55,133.2,Cork
2024,5,12.4,22.6,4.4,15.9,8.8,109.6,0.2,8.4,31,133.2,Cork
2024,6,13.4,21.0,4.7,17.6,9.2,35.1,2.0,8.8,37,181.3,Cork
2024,7,14.5,23.0,6.9,18.3,10.7,58.5,5.0,8.0,34,138.2,Cork
2024,8,14.7,23.2,7.5,18.6,10.8,71.6,4.8,9.6,45,134.7,Cork
2024,9,13.3,20.8,6.4,16.5,10.1,96.2,2.0,9.7,46,118.4,Cork
2024,10,11.3,16.4,2.8,13.9,8.6,144.6,-3.0,9.4,53,80.5,Cork
2000,1,4.9,12.0,-3.1,7.7,2.1,40.1,-6.8,11.4,51,56.6,Dublin
2000,2,6.1,13.8,-0.7,9.8,2.4,46.1,-7.2,14.3,58,90.6,Dublin
2000,3,7.3,14.9,-2.4,10.7,3.8,21.0,-8.0,10.6,47,102.9,Dublin
2000,4,6.4,14.4,-3.5,10.4,2.5,89.5,-7.1,9.3,42,154.5,Dublin
2000,5,10.5,20.1,2.0,15.0,5.9,50.2,-2.6,8.8,34,261.8,Dublin
2000,6,13.3,25.7,4.8,17.2,9.4,30.9,0.1,9.3,38,165.5,Dublin
2000,7,14.6,22.8,5.6,18.6,10.5,48.0,0.6,7.9,36,162.7,Dublin
2000,8,15.1,22.5,5.4,19.8,10.5,62.8,2.7,7.8,34,172.4,Dublin
2000,9,13.2,21.5,2.4,17.4,9.1,99.9,-1.2,8.3,39,104.4,Dublin
2000,10,9.3,18.1,2.0,13.0,5.5,87.3,-4.7,12.4,53,123.0,Dublin
2000,11,6.0,14.1,-0.8,9.1,2.8,141.3,-6.6,12.9,53,65.4,Dublin
2000,12,5.3,13.3,-7.4,7.9,2.7,126.3,-8.7,11.4,56,34.2,Dublin
2001,1,3.6,11.6,-4.6,6.5,0.7,31.8,-9.4,9.8,43,68.8,Dublin
2001,2,4.3,13.1,-4.8,8.0,0.5,49.5,-11.1,9.7,51,98.3,Dublin
2001,3,5.0,14.1,-7.9,8.4,1.6,56.2,-12.4,10.3,41,122.2,Dublin
2001,4,7.2,15.4,-1.5,11.5,2.9,77.9,-4.3,10.1,45,145.9,Dublin
2001,5,11.4,22.2,-0.1,16.3,6.4,49.8,-3.4,7.7,40,239.8,Dublin
2001,6,12.8,23.3,2.1,17.4,8.2,41.5,0.3,9.0,37,166.1,Dublin
2001,7,15.1,26.9,6.2,19.6,10.7,30.5,2.1,9.0,45,143.3,Dublin
2001,8,14.9,23.8,5.2,19.3,10.4,97.1,1.9,7.7,39,159.6,Dublin
2001,9,12.8,20.0,2.2,17.0,8.6,41.7,-0.8,9.8,45,131.9,Dublin
2001,10,12.2,19.6,1.5,15.5,9.0,90.3,-1.8,11.4,47,114.7,Dublin
2001,11,7.8,15.5,-0.5,10.8,4.8,40.6,-3.1,10.3,41,57.2,Dublin
2001,12,4.6,13.9,-5.7,7.9,1.2,21.7,-9.3,10.1,44,89.0,Dublin
2002,1,6.8,13.8,-6.6,10.1,3.5,48.4,-11.7,12.3,57,57.2,Dublin
2002,2,6.4,13.0,-3.0,9.9,3.0,125.9,-6.6,16.1,56,90.8,Dublin
2002,3,7.2,14.8,-2.2,11.1,3.3,30.3,-7.0,12.0,56,125.4,Dublin
2002,4,8.1,19.2,-1.9,12.4,3.8,81.7,-6.7,10.6,52,159.2,Dublin
2002,5,10.9,18.2,1.9,15.0,6.8,121.3,-2.4,10.6,51,167.8,Dublin
2002,6,13.1,21.6,5.5,17.2,9.0,81.2,1.5,10.8,45,162.2,Dublin
2002,7,14.4,23.7,6.7,18.3,10.4,68.9,2.1,8.3,33,106.8,Dublin
2002,8,15.0,21.9,6.2,18.9,11.2,50.8,4.2,7.4,41,140.2,Dublin
2002,9,12.5,20.8,3.4,17.1,8.0,22.6,-1.4,7.0,34,130.0,Dublin
2002,10,9.5,18.7,-0.1,13.0,5.9,181.2,-6.9,10.0,67,100.0,Dublin
2002,11,8.4,15.9,1.3,11.2,5.7,185.8,-4.0,11.1,51,56.7,Dublin
2002,12,6.4,13.4,-2.2,8.2,4.5,97.5,-5.5,11.2,48,30.6,Dublin
2003,1,5.1,12.7,-4.4,8.0,2.1,62.6,-10.3,12.8,50,75.4,Dublin
2003,2,4.8,12.3,-5.1,7.8,1.7,20.9,-10.7,11.2,42,102.5,Dublin
2003,3,6.8,14.6,-2.3,11.6,2.1,27.1,-6.7,9.2,48,172.2,Dublin
2003,4,8.9,18.4,-2.4,13.1,4.7,37.0,-6.6,9.4,43,183.8,Dublin
2003,5,10.9,22.1,2.1,15.0,6.8,97.4,-3.4,11.1,40,159.4,Dublin
2003,6,13.9,20.8,6.5,18.1,9.7,86.8,0.3,9.7,52,188.6,Dublin
2003,7,16.2,23.9,9.2,20.0,12.3,47.6,5.7,8.8,30,132.2,Dublin
2003,8,15.8,25.7,6.0,20.6,11.0,14.5,1.2,7.8,38,203.1,Dublin
2003,9,13.5,24.6,4.8,18.3,8.6,37.4,-1.3,7.7,33,137.0,Dublin
2003,10,9.0,18.8,-0.5,12.6,5.5,106.6,-5.2,10.5,39,115.6,Dublin
2003,11,7.9,15.6,-1.6,11.2,4.6,55.0,-7.3,11.7,47,91.2,Dublin
2003,12,5.2,13.7,-5.2,8.7,1.7,60.4,-10.6,9.9,42,53.8,Dublin
2004,1,5.4,12.8,-4.5,8.3,2.4,82.6,-7.7,11.8,48,56.6,Dublin
2004,2,4.9,14.8,-6.4,8.8,1.0,19.9,-10.7,10.9,51,127.6,Dublin
2004,3,6.5,16.6,-5.3,10.6,2.4,43.9,-12.6,11.3,61,140.3,Dublin
2004,4,8.7,18.1,-0.4,12.8,4.6,31.8,-3.0,10.9,49,170.2,Dublin
2004,5,10.8,21.3,1.5,15.6,6.0,49.9,-1.1,9.0,35,211.6,Dublin
2004,6,14.5,24.3,4.6,19.1,9.8,50.6,2.6,12.0,46,185.0,Dublin
2004,7,14.4,21.8,4.6,18.7,10.2,38.1,2.7,10.2,35,159.9,Dublin
2004,8,15.5,24.2,5.8,19.7,11.4,133.9,3.7,9.6,37,149.2,Dublin
2004,9,13.6,23.7,4.9,17.2,10.1,46.8,2.7,13.2,45,139.2,Dublin
2004,10,9.2,16.0,1.5,12.5,5.9,120.2,-1.8,11.7,46,99.9,Dublin
2004,11,8.0,13.4,-1.0,10.6,5.3,39.9,-3.8,10.8,37,64.8,Dublin
2004,12,6.4,12.5,-1.5,9.1,3.6,45.0,-5.7,12.9,45,57.0,Dublin
2005,1,6.7,13.3,-0.9,9.5,3.9,64.0,-2.7,15.8,73,57.0,Dublin
2005,2,4.8,11.8,-1.9,7.5,2.0,40.6,-6.9,11.5,51,64.8,Dublin
2005,3,7.6,16.6,-2.1,10.6,4.5,21.9,-7.4,10.5,38,97.3,Dublin
2005,4,8.0,17.6,-0.6,11.9,4.1,71.6,-2.8,11.1,43,135.9,Dublin
2005,5,10.1,18.9,-0.4,14.2,6.0,67.1,-2.7,10.8,46,195.9,Dublin
2005,6,14.5,23.5,4.3,18.6,10.3,31.2,1.3,9.3,37,166.3,Dublin
2005,7,15.5,24.8,8.5,19.2,11.7,83.4,2.9,8.8,38,152.5,Dublin
2005,8,15.2,22.8,6.1,19.6,10.9,26.0,3.3,9.5,38,149.8,Dublin
2005,9,13.7,21.3,2.3,17.9,9.6,55.8,-1.8,10.8,41,125.4,Dublin
2005,10,11.6,19.9,1.2,14.9,8.3,101.8,-3.2,10.6,42,87.1,Dublin
2005,11,6.5,17.6,-3.4,10.1,2.9,46.7,-7.8,11.0,47,97.6,Dublin
2005,12,5.8,13.4,-2.7,8.7,2.8,73.0,-8.8,9.8,36,45.4,Dublin
2006,1,5.6,12.7,-3.8,8.6,2.6,16.4,-9.6,10.0,54,59.8,Dublin
2006,2,5.0,13.6,-3.3,8.0,1.9,37.7,-8.4,10.6,43,67.8,Dublin
2006,3,5.5,14.5,-5.8,8.8,2.2,69.7,-9.2,12.6,47,95.3,Dublin
2006,4,8.0,16.7,-3.3,12.5,3.5,41.1,-7.4,10.9,39,199.7,Dublin
2006,5,10.8,20.1,1.3,15.1,6.6,116.9,-2.5,10.8,40,196.7,Dublin
2006,6,14.6,23.9,6.4,19.0,10.1,26.5,-0.2,8.7,45,222.5,Dublin
2006,7,16.9,26.5,5.4,22.0,11.8,18.2,-0.6,8.4,38,240.2,Dublin
2006,8,15.2,25.3,5.6,19.4,11.0,57.6,-0.1,10.2,33,144.0,Dublin
2006,9,14.7,22.6,3.5,18.6,10.8,85.2,-1.9,10.4,49,134.4,Dublin
2006,10,11.6,17.4,2.8,15.3,7.9,107.0,-2.0,10.6,40,116.0,Dublin
2006,11,7.6,14.3,-2.1,10.9,4.2,69.1,-7.3,12.4,45,102.5,Dublin
2006,12,6.6,13.5,-2.7,9.6,3.7,94.6,-7.1,13.1,67,68.5,Dublin
2007,1,6.7,13.7,-1.0,9.4,3.9,73.2,-6.1,16.2,80,70.5,Dublin
2007,2,5.9,14.3,-4.8,9.1,2.6,77.8,-10.5,10.3,51,83.6,Dublin
2007,3,6.4,14.0,-2.5,10.3,2.5,38.8,-7.3,12.3,54,134.0,Dublin
2007,4,10.6,19.7,0.4,15.2,6.0,14.7,-5.0,8.8,43,238.7,Dublin
2007,5,10.8,21.2,0.3,15.3,6.3,35.0,-1.7,11.3,44,215.8,Dublin
2007,6,13.0,22.3,4.6,17.0,9.1,126.4,2.1,9.2,36,144.5,Dublin
2007,7,14.2,21.0,6.4,18.2,10.1,127.1,4.9,10.1,45,167.4,Dublin
2007,8,14.6,22.8,6.2,18.7,10.4,95.5,3.7,9.7,37,146.2,Dublin
2007,9,13.0,21.8,1.2,17.0,8.9,39.2,-1.6,10.3,42,126.8,Dublin
2007,10,11.0,18.1,-0.3,15.2,6.7,15.7,-3.6,8.2,40,113.3,Dublin
2007,11,8.3,16.4,-1.4,11.0,5.6,53.8,-4.5,11.6,42,47.1,Dublin
2007,12,6.3,14.7,-3.7,9.5,3.2,63.8,-8.1,12.8,53,70.5,Dublin
2008,1,6.4,14.3,-2.1,9.5,3.3,97.4,-3.7,14.6,56,52.0,Dublin
2008,2,5.8,14.1,-6.7,9.8,1.8,14.7,-9.2,12.2,60,96.5,Dublin
2008,3,6.0,12.6,-3.7,9.8,2.1,101.8,-6.3,15.0,60,126.4,Dublin
2008,4,7.6,16.5,-1.4,11.7,3.4,27.6,-5.3,11.6,48,185.6,Dublin
2008,5,11.6,21.4,0.6,16.0,7.2,32.7,-1.9,9.6,40,236.3,Dublin
2008,6,12.8,22.3,2.9,17.3,8.3,76.4,0.3,9.9,48,181.7,Dublin
2008,7,14.8,22.1,4.6,18.7,11.0,111.4,2.2,10.7,33,150.6,Dublin
2008,8,15.2,21.5,7.0,18.4,11.9,189.9,4.4,10.3,36,100.6,Dublin
2008,9,12.4,19.5,3.8,16.4,8.4,114.1,2.4,9.5,39,119.6,Dublin
2008,10,8.9,17.0,-1.3,12.6,5.2,92.5,-3.5,12.6,47,120.9,Dublin
2008,11,6.9,13.1,-2.9,9.5,4.4,44.7,-4.1,12.4,41,82.3,Dublin
2008,12,4.4,12.2,-3.5,7.5,1.4,39.4,-7.8,10.1,49,58.9,Dublin
2009,1,4.3,11.8,-4.2,7.2,1.3,62.1,-8.0,11.9,59,72.0,Dublin
2009,2,5.1,12.7,-3.0,7.7,2.5,56.1,-6.3,10.3,40,66.5,Dublin
2009,3,6.7,14.7,-3.8,10.7,2.7,26.2,-7.5,12.6,47,128.1,Dublin
2009,4,8.3,16.8,-0.9,12.4,4.2,71.1,-5.0,9.6,49,166.4,Dublin
2009,5,10.9,20.8,3.2,15.1,6.7,75.5,-0.9,12.1,44,215.9,Dublin
2009,6,13.2,24.5,3.5,18.1,8.2,64.3,0.2,8.9,40,237.5,Dublin
2009,7,14.9,22.5,7.0,18.8,11.0,165.4,3.4,9.9,36,162.5,Dublin
2009,8,15.3,22.4,7.9,19.3,11.4,69.5,3.7,11.1,40,148.2,Dublin
2009,9,12.5,19.0,2.7,16.7,8.4,24.2,-0.2,10.1,35,135.1,Dublin
2009,10,11.1,17.7,1.2,14.5,7.7,63.0,-1.9,10.2,54,89.4,Dublin
2009,11,7.4,14.6,-0.9,10.4,4.3,171.3,-4.4,14.3,51,79.0,Dublin
2009,12,3.6,13.1,-6.6,6.6,0.6,69.1,-10.0,11.3,52,59.0,Dublin
2010,1,1.7,11.5,-9.5,4.8,-1.4,45.2,-10.4,11.0,44,86.3,Dublin
2010,2,2.3,9.3,-6.6,5.7,-1.2,36.7,-9.8,8.4,35,64.1,Dublin
2010,3,4.9,14.3,-7.3,9.7,0.1,54.8,-11.0,9.3,46,155.1,Dublin
2010,4,7.7,17.7,-3.8,12.9,2.5,26.7,-7.0,8.4,47,193.3,Dublin
2010,5,9.6,23.5,-1.0,14.7,4.5,38.0,-4.3,8.2,28,234.7,Dublin
2010,6,14.1,23.4,4.8,19.1,9.1,50.3,2.6,7.8,28,204.6,Dublin
2010,7,16.0,24.0,8.6,19.6,12.3,78.5,6.4,10.6,49,142.3,Dublin
2010,8,13.9,21.5,2.4,18.3,9.5,48.0,0.1,9.1,34,216.0,Dublin
2010,9,13.1,20.9,2.7,17.0,9.2,104.3,-1.4,9.6,37,140.4,Dublin
2010,10,10.1,18.7,-3.3,13.8,6.4,30.8,-8.3,10.2,37,134.8,Dublin
2010,11,5.2,15.9,-8.4,8.3,2.1,100.0,-12.0,11.3,56,85.8,Dublin
2010,12,-0.1,11.7,-12.2,3.3,-3.5,58.1, ,8.4,37,60.3,Dublin
2011,1,3.6,12.5,-6.8,6.5,0.7,29.2,-10.4,9.8,42,73.2,Dublin
2011,2,7.0,14.7,-1.7,10.3,3.7,76.1,-7.1,11.6,54,90.4,Dublin
2011,3,5.8,15.6,-5.4,10.8,0.8,19.4,-8.6,8.4,54,162.9,Dublin
2011,4,10.1,20.3,-0.1,15.2,5.0,28.4,-3.8,8.9,40,201.5,Dublin
2011,5,11.4,17.6,3.8,15.1,7.7,37.0,-0.5,14.9,57,195.7,Dublin
2011,6,12.0,23.3,2.1,16.9,7.1,64.3,-2.4,9.5,33,191.1,Dublin
2011,7,13.8,22.3,4.9,18.3,9.2,42.6,2.4,8.6,34,159.3,Dublin
2011,8,13.5,21.8,4.6,17.9,9.1,39.7,0.7,8.9,35,139.7,Dublin
2011,9,14.0,24.1,3.9,17.4,10.6,65.2,0.4,12.9,56,120.0,Dublin
2011,10,11.8,20.4,3.0,15.1,8.5,169.5,-0.8,12.8,54,84.4,Dublin
2011,11,9.7,15.1,-2.0,12.7,6.7,48.5,-6.5,11.8,49,76.1,Dublin
2011,12,5.8,13.3,-2.4,8.5,3.0,51.9,-4.5,16.3,52,57.3,Dublin
2012,1,6.1,12.2,-3.0,9.0,3.3,63.0,-6.6,14.5,58,64.7,Dublin
2012,2,6.6,14.1,-6.1,9.2,4.0,20.5,-10.7,11.1,41,62.6,Dublin
2012,3,8.0,18.7,-1.8,12.4,3.5,25.6,-5.3,9.3,37,136.3,Dublin
2012,4,6.6,13.8,-1.5,10.4,2.8,90.2,-4.9,11.6,45,164.6,Dublin
2012,5,9.8,21.0,-3.0,14.3,5.4,60.4,-6.1,8.9,46,189.1,Dublin
2012,6,12.7,22.9,3.8,16.2,9.1,147.7,0.1,9.9,43,130.8,Dublin
2012,7,14.0,23.7,4.9,18.0,10.0,85.3,1.0,9.2,36,138.0,Dublin
2012,8,15.3,22.2,7.0,19.1,11.5,78.1,2.3,9.7,41,151.5,Dublin
2012,9,12.0,22.2,0.5,16.2,7.7,83.4,-3.7,11.7,41,158.1,Dublin
2012,10,8.4,14.7,-0.6,11.9,4.9,71.0,-3.3,9.8,37,86.8,Dublin
2012,11,6.4,14.2,-2.4,9.5,3.3,72.0,-6.7,11.0,41,97.9,Dublin
2012,12,5.4,13.8,-3.3,8.4,2.4,52.3,-8.9,12.2,53,69.4,Dublin
2013,1,4.9,13.8,-5.3,7.9,1.9,94.4,-10.3,11.5,56,37.0,Dublin
2013,2,4.2,13.0,-3.3,7.2,1.3,47.3,-8.0,10.9,41,72.5,Dublin
2013,3,3.1,9.9,-3.8,6.0,0.2,85.5,-8.1,11.7,40,69.6,Dublin
2013,4,6.8,16.6,-5.6,11.1,2.6,40.1,-10.1,12.8,54,165.4,Dublin
2013,5,10.0,19.6,-0.5,14.5,5.5,45.8,-5.3,11.8,50,194.4,Dublin
2013,6,12.7,22.2,4.0,17.9,7.6,60.8,-0.3,9.4,36,210.4,Dublin
2013,7,16.7,26.2,8.5,21.9,11.6,68.8,5.1,7.2,31,237.0,Dublin
2013,8,15.6,22.9,7.9,19.8,11.4,48.5,4.5,9.6,34,130.3,Dublin
2013,9,13.0,23.3,3.5,16.9,9.1,35.1,0.6,10.2,48,138.5,Dublin
2013,10,11.7,19.4,1.8,14.8,8.6,127.8,-1.5,11.0,43,95.2,Dublin
2013,11,6.3,13.9,-2.9,9.2,3.5,26.6,-5.7,10.5,45,80.3,Dublin
2013,12,6.9,15.0,0.7,9.9,4.0,83.2,-5.0,14.6,63,51.3,Dublin
2014,1,5.7,12.9,-1.5,8.5,2.9,101.6,-5.7,12.7,54,64.5,Dublin
2014,2,5.6,12.0,-2.5,8.7,2.5,88.5,-5.8,15.9,66,101.2,Dublin
2014,3,6.8,15.4,-3.3,10.5,3.1,53.7,-7.1,12.1,44,121.0,Dublin
2014,4,8.9,16.4,-1.1,13.6,4.1,34.2,-5.3,9.8,38,185.9,Dublin
2014,5,11.3,20.3,1.7,15.2,7.4,91.5,-1.0,9.9,38,146.2,Dublin
2014,6,13.6,23.5,3.0,18.6,8.6,36.2,-1.4,7.6,28,202.6,Dublin
2014,7,15.8,24.1,5.1,20.6,11.1,35.0,2.2,8.7,33,182.8,Dublin
2014,8,13.9,21.6,3.3,18.0,9.8,173.0,-0.3,11.4,36,158.6,Dublin
2014,9,13.1,22.0,3.7,17.8,8.4,26.5,0.3,6.5,28,141.2,Dublin
2014,10,10.9,18.9,-0.6,14.8,7.0,90.2,-3.4,11.5,47,115.3,Dublin
2014,11,7.7,15.0,-2.4,10.9,4.5,140.9,-6.4,9.1,44,63.1,Dublin
2014,12,5.4,13.2,-3.9,7.9,2.8,55.9,-9.7,13.9,49,81.9,Dublin
2015,1,4.7,14.4,-6.0,7.9,1.5,47.7,-9.3,15.1,58,92.4,Dublin
2015,2,4.0,12.6,-7.9,7.4,0.6,34.6,-10.9,10.8,52,79.2,Dublin
2015,3,5.8,14.2,-4.0,9.9,1.6,57.5,-7.3,12.9,56,155.9,Dublin
2015,4,7.4,18.1,-2.7,13.0,1.8,43.9,-7.0,9.4,42,229.9,Dublin
2015,5,9.6,18.4,0.5,13.8,5.4,90.5,-3.3,12.6,43,165.9,Dublin
2015,6,12.9,24.7,0.7,17.7,8.0,14.1,-3.2,10.5,51,204.3,Dublin
2015,7,13.8,23.4,3.9,18.1,9.5,69.2,0.8,10.5,36,134.5,Dublin
2015,8,14.0,23.3,3.8,18.3,9.6,100.1,-0.7,9.2,37,158.1,Dublin
2015,9,11.8,17.3,3.9,15.7,7.9,56.6,0.1,9.0,30,136.4,Dublin
2015,10,10.2,17.7,-0.3,13.9,6.4,49.1,-3.9,8.6,41,88.4,Dublin
2015,11,8.7,16.8,-1.7,12.1,5.2,121.6,-5.7,13.6,56,54.5,Dublin
2015,12,8.6,15.5,-1.6,12.0,5.3,193.5,-5.4,14.9,57,48.0,Dublin
2016,1,5.7,15.2,-0.8,8.8,2.7,118.4,-6.2,13.2,55,66.4,Dublin
2016,2,4.4,11.7,-5.5,7.9,1.0,59.7,-9.9,13.2,56,79.7,Dublin
2016,3,5.9,13.9,-4.0,9.7,2.0,36.3,-7.9,10.6,56,121.8,Dublin
2016,4,6.2,13.5,-2.7,10.6,1.9,88.2,-7.6,10.6,43,148.1,Dublin
2016,5,11.1,20.5,1.7,15.6,6.7,46.8,-2.8,9.5,42,209.1,Dublin
2016,6,14.0,21.7,2.5,18.2,9.8,58.5,-0.6,7.7,35,142.8,Dublin
2016,7,15.7,26.3,7.1,19.9,11.5,43.7,2.8,10.3,41,128.4,Dublin
2016,8,15.4,23.1,6.4,19.5,11.4,61.9,1.7,10.8,40,137.3,Dublin
2016,9,14.3,25.1,5.0,18.0,10.6,56.6,1.3,10.3,42,112.4,Dublin
2016,10,10.4,16.6,1.9,13.7,7.2,60.0,-1.4,9.4,40,107.7,Dublin
2016,11,5.6,15.7,-2.6,9.0,2.3,36.9,-6.7,10.6,35,97.5,Dublin
2016,12,6.7,15.3,-2.3,10.1,3.3,46.6,-5.7,9.8,49,60.6,Dublin
2017,1,5.7,11.9,-4.8,8.4,3.0,21.9,-9.0,10.3,45,57.4,Dublin
2017,2,6.2,12.9,-3.9,9.3,3.2,41.6,-7.6,13.4,64,51.1,Dublin
2017,3,7.7,16.3,-1.7,11.4,4.0,67.2,-6.6,11.7,44,127.7,Dublin
2017,4,8.0,16.5,-1.2,12.4,3.7,10.0,-5.0,9.5,33,99.1,Dublin
2017,5,11.6,23.2,-1.5,16.6,6.7,43.5,-5.4,9.6,32,224.3,Dublin
2017,6,14.4,26.3,3.7,18.6,10.2,86.4,1.6,11.0,41,161.5,Dublin
2017,7,15.0,24.2,6.0,19.5,10.5,42.2,1.8,9.8,36,166.0,Dublin
2017,8,14.6,21.8,4.9,18.7,10.5,73.2,0.8,10.0,31,120.5,Dublin
2017,9,12.4,18.9,4.5,16.5,8.3,82.3,0.4,10.9,43,128.7,Dublin
2017,10,11.2,19.5,0.8,14.8,7.7,47.8,-3.1,12.2,56,73.9,Dublin
2017,11,6.5,14.1,-0.5,9.6,3.3,81.5,-2.9,10.8,36,87.0,Dublin
2017,12,5.3,13.6,-4.8,8.1,2.5,63.1,-6.7,12.4,49,59.1,Dublin
2018,1,5.3,13.1,-3.2,8.4,2.2,93.1,-9.8,14.8,54,73.3,Dublin
2018,2,3.4,12.0,-4.9,6.6,0.2,36.9,-10.4,11.9,47,108.9,Dublin
2018,3,4.3,11.9,-5.1,7.7,0.9,100.0,-8.3,12.2,50,81.7,Dublin
2018,4,8.1,18.8,-2.1,11.9,4.4,68.9,-5.5,10.8,42,144.0,Dublin
2018,5,11.4,22.2,0.4,16.6,6.2,19.1,-2.7,8.8,36,224.0,Dublin
2018,6,14.5,26.5,3.8,20.3,8.7,4.8,0.8,8.7,48,268.6,Dublin
2018,7,16.1,26.7,5.2,21.6,10.5,40.0,2.3,6.9,28,182.5,Dublin
2018,8,15.3,25.1,3.9,19.9,10.7,48.0,-0.9,8.1,36,121.5,Dublin
2018,9,12.2,23.0,0.4,16.7,7.7,43.8,-3.7,9.0,56,136.2,Dublin
2018,10,9.3,19.2,-4.7,13.3,5.2,42.6,-9.1,9.2,46,120.6,Dublin
2018,11,8.2,15.3,1.1,11.0,5.3,131.2,-2.1,10.1,47,50.2,Dublin
2018,12,7.7,13.4,0.8,10.0,5.4,81.0,-1.5,9.5,53,30.5,Dublin
2019,1,5.1,11.3,-5.8,7.8,2.4,26.8,-10.2,9.3,45,46.8,Dublin
2019,2,7.0,15.6,-3.8,11.2,2.8,30.5,-8.4,10.2,52,112.4,Dublin
2019,3,7.3,16.8,-2.1,11.4,3.2,92.5,-5.9,11.3,47,132.6,Dublin
2019,4,8.0,21.7,-2.0,12.1,3.9,74.6,-6.1,9.3,46,123.7,Dublin
2019,5,10.2,20.9,-0.8,14.7,5.8,33.4,-4.0,7.8,32,139.0,Dublin
2019,6,12.5,22.7,2.0,16.5,8.6,82.9,-2.1,8.2,35,159.8,Dublin
2019,7,15.9,24.9,4.4,20.4,11.4,41.0,0.6,8.0,30,166.9,Dublin
2019,8,15.4,22.3,7.8,19.6,11.3,91.9,5.0,8.8,34,173.4,Dublin
2019,9,13.0,20.9,3.4,17.4,8.6,104.6,0.1,8.8,41,144.0,Dublin
2019,10,9.1,16.4,-1.4,12.8,5.4,77.2,-4.7,8.8,44,113.2,Dublin
2019,11,6.0,13.4,-2.4,8.9,3.2,173.0,-5.9,9.4,36,41.3,Dublin
2019,12,5.9,13.8,-2.9,8.9,2.8,57.7,-7.0,9.2,46,60.0,Dublin
2020,1,6.3,14.2,-2.5,9.1,3.6,36.0,-5.3,9.7,48,65.0,Dublin
2020,2,5.8,13.4,-2.3,9.1,2.4,130.4,-6.2,13.1,48,103.2,Dublin
2020,3,5.8,15.0,-3.9,10.1,1.6,31.8,-7.7,10.3,47,140.6,Dublin
2020,4,8.5,19.4,-2.5,13.4,3.6,12.8,-6.7,8.4,38,188.2,Dublin
2020,5,10.9,21.5,-2.6,16.4,5.4,9.3,-5.8,8.6,46,295.0,Dublin
2020,6,13.4,25.0,3.8,17.7,9.0,69.6,0.6,9.2,39,130.0,Dublin
2020,7,14.4,23.1,5.0,18.2,10.7,98.9,1.6,8.9,39,104.2,Dublin
2020,8,14.7,24.0,3.8,18.6,10.8,87.1,1.3,8.5,39,97.1,Dublin
2020,9,12.8,22.7,0.9,17.0,8.7,60.9,-1.7,8.5,34,143.0,Dublin
2020,10,9.5,15.2,0.3,12.8,6.3,80.6,-2.9,10.4,41,120.6,Dublin
2020,11,8.2,16.0,-1.2,11.3,5.2,48.1,-5.5,9.6,43,70.7,Dublin
2020,12,4.9,14.2,-4.4,7.6,2.2,83.1,-6.0,10.5,38,65.5,Dublin
2021,1,3.9,11.9,-5.9,6.6,1.2,115.1,-9.0,9.4,43,54.1,Dublin
2021,2,6.2,14.2,-0.6,8.8,3.5,55.0,-2.9,11.8,50,70.0,Dublin
2021,3,7.2,16.4,-3.5,10.8,3.6,32.1,-7.5,9.7,46,116.3,Dublin
2021,4,5.6,16.1,-4.7,10.9,0.2,10.8,-8.5,7.8,35,209.9,Dublin
2021,5,9.2,20.4,-1.9,14.1,4.3,83.5,-4.5,8.6,43,214.2,Dublin
2021,6,13.7,23.7,2.9,18.7,8.7,12.6,-0.8,7.8,29,180.2,Dublin
2021,7,16.1,26.8,6.1,20.8,11.4,72.9,3.7,6.6,36,190.8,Dublin
2021,8,14.7,21.8,7.1,18.6,10.8,65.3,3.2,7.5,32,115.2,Dublin
2021,9,14.7,22.9,5.0,18.6,10.8,42.0,2.7,7.0,36,102.6,Dublin
2021,10,11.9,20.2,3.6,14.9,8.8,79.8,1.8,8.4,35,111.9,Dublin
2021,11,7.6,16.4,-1.2,10.6,4.7,11.7,-4.0,9.5,39,70.3,Dublin
2021,12,6.5,14.1,-1.4,9.3,3.7,85.8,-5.4,9.6,50,59.1,Dublin
2022,1,5.4,14.8,-4.0,8.7,2.2,14.4,-7.5,8.5,40,86.7,Dublin
2022,2,6.7,13.5,-1.1,9.7,3.7,88.5,-1.0,12.9,54,72.6,Dublin
2022,3,6.6,17.6,-4.4,11.5,1.8,45.6,-8.2,8.8,44,203.1,Dublin
2022,4,7.6,17.3,-3.7,12.5,2.7,28.1,-7.1,9.3,43,168.4,Dublin
2022,5,11.9,19.9,2.3,16.3,7.6,48.4,-1.3,8.8,33,166.9,Dublin
2022,6,13.6,22.6,2.3,17.7,9.5,43.6,-2.1,8.3,33,163.5,Dublin
2022,7,16.3,29.1,6.6,21.0,11.7,29.6,0.0,8.1,33,131.6,Dublin
2022,8,15.9,26.3,6.0,21.3,10.5,34.6,0.9,7.3,30,222.0,Dublin
2022,9,13.0,20.1,3.1,17.2,8.8,127.9,-0.3,8.7,39,112.9,Dublin
2022,10,12.0,18.0,1.3,15.6,8.4,106.8,-3.3,9.6,41,115.7,Dublin
2022,11,8.8,16.5,-0.8,11.7,6.0,46.1,-3.5,9.9,51,84.5,Dublin
2022,12,4.4,14.7,-4.2,7.3,1.6,74.0,-6.2,8.6,39,76.2,Dublin
2023,1,6.0,13.6,-4.8,8.8,3.3,41.2,-9.2,10.0,47,92.1,Dublin
2023,2,7.2,14.2,-4.0,10.3,4.1,16.2,-8.3,9.3,41,67.7,Dublin
2023,3,7.0,16.2,-4.3,10.4,3.5,119.0,-8.3,9.8,40,96.1,Dublin
2023,4,8.7,17.6,-1.0,12.7,4.7,77.6,-5.4,8.7,42,146.9,Dublin
2023,5,11.7,19.9,2.5,16.7,6.8,35.9,-0.6,7.4,29,192.4,Dublin
2023,6,15.3,24.6,3.5,19.7,10.9,49.4,0.3,7.5,31,226.7,Dublin
2023,7,14.9,22.0,7.0,18.6,11.2,149.2,3.7,8.9,35,115.3,Dublin
2023,8,15.4,22.5,8.3,19.3,11.5,119.4,3.2,9.1,47,139.7,Dublin
2023,9,14.5,26.1,4.3,18.7,10.3,134.0,-0.3,8.0,47,150.2,Dublin
2023,10,11.3,23.2,1.0,15.0,7.6,125.7,-1.5,7.8,38,105.2,Dublin
2023,11,7.3,14.3,-2.6,10.4,4.3,65.1,-5.8,9.3,46,77.2,Dublin
2023,12,7.5,13.8,-2.8,9.6,5.4,68.5,-4.4,12.1,53,54.9,Dublin
2024,1,5.0,14.4,-5.1,7.8,2.3,61.3,-8.5,10.4,54,78.7,Dublin
2024,2,7.3,13.6,-0.7,10.4,4.2,74.3,-4.6,9.1,38,63.3,Dublin
2024,3,7.0,14.9,-1.0,10.5,3.6,115.4,-5.9,10.4,41,84.0,Dublin
2024,4,8.5,16.8,-1.5,12.7,4.3,70.2,-5.7,10.3,49,143.5,Dublin
2024,5,13.0,21.4,5.6,16.9,9.0,36.8,0.9,7.8,33,152.4,Dublin
2024,6,13.1,25.6,3.6,17.8,8.3,30.4,-0.4,8.8,38,162.4,Dublin
2024,7,14.9,23.0,6.7,19.1,10.7,37.7,1.7,7.8,37,140.6,Dublin
2024,8,15.4,23.9,4.4,20.2,10.7,36.6,-0.1,9.0,40,163.8,Dublin
2024,9,12.2,21.5,1.5,16.4,8.0,59.6,-3.1,9.4,37,120.3,Dublin
2024,10,11.3,18.7,2.1,14.5,8.1,47.8,-2.1,8.8,54,111.8,Dublin
2000,1,4.5,10.9,-1.4,6.8,2.3,110.0,-4.3,10.8,52,45.9,Knock
2000,2,4.9,12.1,-1.6,8.1,1.8,150.2,-1.8,13.8,61,54.6,Knock
2000,3,6.8,12.8,0.0,9.5,4.0,78.9,-3.1,9.5,49,81.7,Knock
2000,4,6.0,16.0,-1.5,9.3,2.7,77.4,-3.8,9.8,41,120.1,Knock
2000,5,10.6,22.4,2.0,15.0,6.3,58.2,-0.6,9.3,34,252.8,Knock
2000,6,12.5,24.7,5.6,16.0,9.0,86.5,3.6,9.1,40,129.2,Knock
2000,7,14.4,24.2,7.2,17.8,10.9,86.1,4.7,7.7,39,138.2,Knock
2000,8,14.3,21.8,7.5,17.8,10.8,140.7,3.6,7.1,32,165.0,Knock
2000,9,12.1,18.9,4.4,15.3,8.9,117.4,2.4,8.1,42,111.1,Knock
2000,10,8.2,16.0,1.1,11.2,5.3,197.2,-1.3,12.0,51,98.6,Knock
2000,11,5.1,12.0,-0.8,7.6,2.6,131.3,-3.3,11.6,54,56.3,Knock
2000,12,3.8,10.2,-6.9,6.0,1.5,137.2,-10.8,10.0,46,54.9,Knock
2001,1,2.5,8.7,-2.9,4.7,0.4,81.8,-5.3,9.2,46,70.9,Knock
2001,2,3.8,10.9,-2.5,6.7,0.9,66.1,-7.4,9.2,59,93.5,Knock
2001,3,4.2,11.7,-3.8,7.2,1.2,65.0,-9.2,10.4,47,98.0,Knock
2001,4,6.7,12.8,-0.3,10.1,3.3,92.9,-3.9,9.9,50,124.9,Knock
2001,5,11.3,22.1,2.8,15.6,7.1,50.6,-2.4,8.0,40,211.6,Knock
2001,6,11.7,19.9,3.1,15.0,8.3,114.5,-0.9,8.8,38,125.9,Knock
2001,7,13.2,22.1,6.5,16.4,9.9,94.1,4.3,8.7,42,120.1,Knock
2001,8,13.5,18.7,7.3,16.8,10.2,115.8,4.2,7.8,49,144.8,Knock
2001,9,12.5,20.1,6.1,15.5,9.4,70.6,3.0,9.6,41,114.2,Knock
2001,10,10.6,15.5,3.1,13.1,8.1,154.9,-0.6,10.9,46,77.9,Knock
2001,11,7.6,12.4,0.9,9.9,5.3,89.6,-1.5,8.6,46,31.7,Knock
2001,12,4.1,11.8,-3.3,6.5,1.7,81.6,-9.4,9.3,53,72.6,Knock
2002,1,5.8,11.4,-4.6,8.3,3.3,130.2,-7.7,12.5,54,42.1,Knock
2002,2,5.3,11.6,-1.1,8.1,2.5,207.0,-3.6,14.4,62,55.9,Knock
2002,3,6.3,15.1,-1.3,9.6,2.9,83.7,-5.3,10.6,53,98.6,Knock
2002,4,7.8,15.9,0.8,11.4,4.2,85.2,-4.7,10.7,48,170.3,Knock
2002,5,9.8,17.4,3.2,13.2,6.3,179.0,-1.8,9.5,59,150.9,Knock
2002,6,11.2,17.4,3.8,14.3,8.1,134.4,2.2,10.8,49,116.8,Knock
2002,7,12.9,21.5,7.8,15.8,10.0,89.3,2.4,8.2,30,110.2,Knock
2002,8,14.2,23.4,7.4,17.6,10.9,64.0,4.5,7.7,44,118.5,Knock
2002,9,12.9,20.0,6.5,16.5,9.3,38.3,4.0,7.4,38,138.1,Knock
2002,10,8.5,18.3,0.1,11.5,5.5,180.5,-0.9,8.6,57,106.2,Knock
2002,11,7.0,14.2,0.8,9.6,4.4,173.0,-5.0,10.5,41,53.1,Knock
2002,12,4.8,11.2,-1.1,6.4,3.1,99.2,-3.1,9.4,49,35.1,Knock
2003,1,4.3,11.8,-3.0,6.7,1.9,96.1,-7.2,12.0,59,80.3,Knock
2003,2,4.0,10.5,-3.3,6.6,1.4,64.2,-4.6,11.6,48,61.9,Knock
2003,3,6.6,15.4,-1.3,10.6,2.6,72.7,-2.4,9.6,45,149.8,Knock
2003,4,8.9,21.2,-0.6,12.8,5.0,69.5,-3.0,9.1,42,166.3,Knock
2003,5,9.4,22.3,2.7,12.7,6.1,150.9,-1.0,10.6,54,144.1,Knock
2003,6,12.5,20.1,5.9,16.2,8.7,79.2,0.3,9.1,34,158.7,Knock
2003,7,14.3,22.3,8.8,17.4,11.2,103.1,7.2,8.8,32,107.3,Knock
2003,8,15.5,27.9,8.2,19.4,11.6,34.5,4.7,7.0,31,192.2,Knock
2003,9,12.3,21.5,5.3,15.5,9.2,71.8,1.6,7.7,37,94.7,Knock
2003,10,8.5,15.5,0.3,11.5,5.5,76.8,-1.5,9.0,38,102.9,Knock
2003,11,6.9,14.6,0.7,9.7,4.1,156.9,-0.9,10.8,41,73.6,Knock
2003,12,4.9,11.5,-2.1,7.3,2.6,113.2,-3.9,9.1,45,50.0,Knock
2004,1,4.9,10.7,-2.3,7.2,2.6,145.6,-8.0,9.9,64,55.1,Knock
2004,2,4.4,12.5,-3.7,7.1,1.8,101.0,-8.7,9.1,52,101.6,Knock
2004,3,5.7,12.4,-3.3,8.9,2.4,128.5,-4.7,11.6,56,144.7,Knock
2004,4,7.5,14.6,-0.3,10.7,4.3,95.5,-3.0,10.7,49,139.4,Knock
2004,5,10.5,18.7,3.6,14.3,6.7,59.3,0.7,8.9,50,179.7,Knock
2004,6,13.0,21.9,5.8,16.5,9.6,105.2,3.1,10.1,39,165.0,Knock
2004,7,12.9,21.1,7.3,16.2,9.5,94.2,3.1,8.1,35,151.2,Knock
2004,8,14.6,24.3,7.7,17.9,11.2,96.9,3.4,8.2,40,134.2,Knock
2004,9,12.7,21.8,6.4,15.5,9.9,132.7,2.7,11.2,44,103.4,Knock
2004,10,7.7,13.8,-0.7,10.4,5.0,171.9,-4.2,8.6,39,96.4,Knock
2004,11,7.4,11.6,0.0,9.4,5.3,74.9,-3.0,9.2,36,24.6,Knock
2004,12,5.8,11.6,-1.2,8.2,3.3,168.6,-5.5,11.4,50,34.4,Knock
2005,1,5.5,11.5,-1.8,8.0,2.9,179.0,-6.0,13.8,62,37.4,Knock
2005,2,4.4,10.5,-3.4,7.0,1.8,61.9,-6.2,9.2,53,68.1,Knock
2005,3,7.3,18.7,-0.9,10.1,4.4,94.0,-6.8,9.7,41,89.5,Knock
2005,4,7.3,16.1,-0.6,11.0,3.6,110.7,-5.2,9.7,46,144.6,Knock
2005,5,9.2,17.1,1.7,13.0,5.4,131.5,-3.5,9.4,37,188.0,Knock
2005,6,13.3,21.6,5.5,16.8,9.9,61.4,2.0,8.6,40,124.8,Knock
2005,7,14.3,25.9,6.3,17.7,10.9,41.2,3.9,7.7,37,115.0,Knock
2005,8,14.1,21.4,7.2,17.4,10.7,79.8,2.5,8.2,44,122.7,Knock
2005,9,12.4,21.5,3.7,15.8,9.0,120.4,1.3,9.7,48,82.6,Knock
2005,10,10.2,16.9,2.0,13.1,7.4,104.6,0.7,10.1,44,61.1,Knock
2005,11,5.8,14.0,-2.5,8.7,3.0,115.0,-5.7,9.6,55,69.2,Knock
2005,12,5.4,11.2,-2.9,7.5,3.2,106.1,-4.2,8.9,46,34.1,Knock
2006,1,4.3,10.6,-2.8,6.7,2.0,88.6,-7.2,9.7,44,43.8,Knock
2006,2,4.3,10.7,-2.3,6.9,1.8,50.1,-4.2,8.4,46,77.1,Knock
2006,3,4.6,11.8,-4.5,7.3,1.9,134.3,-11.4,9.6,46,79.8,Knock
2006,4,7.1,15.1,-1.2,10.6,3.5,81.0,-6.5,9.4,40,162.9,Knock
2006,5,9.8,20.9,1.8,13.5,6.2,139.2,-1.4,10.0,46,172.3,Knock
2006,6,13.7,24.5,6.5,17.7,9.7,37.9,2.8,7.6,41,186.2,Knock
2006,7,15.7,27.5,7.9,19.9,11.6,53.4,6.1,7.5,41,188.8,Knock
2006,8,13.8,22.5,7.4,16.8,10.8,54.9,2.9,8.8,30,95.1,Knock
2006,9,13.4,19.7,5.8,16.8,10.0,222.8,1.4,9.0,48,115.8,Knock
2006,10,10.6,16.8,4.5,13.5,7.7,122.0,0.0,9.3,43,90.9,Knock
2006,11,6.2,12.6,-0.1,9.2,3.3,156.0,-3.6,10.1,48,62.2,Knock
2006,12,5.3,11.3,-1.6,7.5,3.0,201.6,-2.4,10.9,65,29.3,Knock
2007,1,5.6,12.2,0.0,8.1,3.1,168.5,-5.3,12.4,68,45.2,Knock
2007,2,4.9,11.1,-3.3,7.6,2.3,104.7,-6.9,9.6,54,63.9,Knock
2007,3,5.9,13.9,-0.5,9.4,2.4,118.1,-4.1,10.5,56,129.2,Knock
2007,4,10.1,18.1,2.7,14.4,5.9,32.3,-2.8,7.8,40,192.5,Knock
2007,5,10.1,21.4,3.1,13.9,6.3,110.9,-1.2,9.1,44,217.9,Knock
2007,6,13.2,23.5,5.6,16.9,9.6,121.6,4.5,8.0,37,153.0,Knock
2007,7,13.4,19.6,6.9,16.6,10.1,143.5,4.4,7.8,45,154.1,Knock
2007,8,13.5,19.6,8.3,16.5,10.4,92.8,7.1,8.8,41,123.2,Knock
2007,9,12.3,19.4,4.1,15.5,9.1,85.0,0.5,8.3,35,111.9,Knock
2007,10,10.7,17.2,1.2,13.7,7.6,89.6,-0.3,8.3,40,80.1,Knock
2007,11,8.1,14.9,1.5,10.3,5.9,105.4,-0.6,9.4,44,29.1,Knock
2007,12,5.4,12.7,-1.0,7.9,3.0,173.3,-1.7,12.6,50,32.7,Knock
2008,1,5.0,11.8,-5.1,7.7,2.3,162.7,-8.7,11.8,56,42.1,Knock
2008,2,5.1,12.0,-3.2,7.9,2.3,127.6,-5.7,11.5,53,63.1,Knock
2008,3,5.0,10.9,-1.6,8.2,1.7,170.7,-4.2,12.5,65,113.4,Knock
2008,4,6.8,15.0,-0.8,10.3,3.2,65.6,-2.9,9.9,44,181.7,Knock
2008,5,12.4,22.0,2.2,17.0,7.9,47.8,0.5,8.8,37,211.8,Knock
2008,6,11.9,22.4,4.9,15.3,8.5,145.5,0.5,8.9,43,162.7,Knock
2008,7,14.0,23.2,7.5,17.3,10.7,84.8,3.1,9.3,38,110.6,Knock
2008,8,13.6,19.0,8.7,16.3,10.9,180.2,4.3,8.8,36,75.1,Knock
2008,9,11.4,17.2,5.8,14.5,8.4,156.5,1.6,8.6,38,106.3,Knock
2008,10,8.0,15.0,-0.2,11.2,4.7,192.8,-1.3,10.8,49,104.8,Knock
2008,11,6.8,11.7,-0.8,8.9,4.7,128.5,-2.2,10.1,54,49.3,Knock
2008,12,4.3,11.0,-0.9,6.8,1.8,100.0,-7.6,9.5,49,39.3,Knock
2009,1,3.3,10.6,-3.8,5.8,0.7,157.9,-6.2,10.8,63,55.3,Knock
2009,2,4.7,10.2,-2.3,7.1,2.2,27.3,-7.3,8.3,35,67.9,Knock
2009,3,6.2,15.6,-2.3,9.6,2.8,66.3,-3.8,11.4,51,109.8,Knock
2009,4,8.1,15.9,1.6,11.6,4.5,117.8,-4.0,9.4,42,134.6,Knock
2009,5,9.7,22.7,2.1,13.4,6.1,116.4,-2.4,11.0,43,186.7,Knock
2009,6,13.9,25.2,4.9,18.1,9.7,64.4,2.9,8.1,38,223.0,Knock
2009,7,13.6,19.9,8.1,16.7,10.4,169.8,1.9,8.9,38,145.0,Knock
2009,8,13.2,18.3,7.7,16.1,10.4,182.6,5.1,10.4,40,100.4,Knock
2009,9,12.2,19.9,6.5,15.3,9.2,45.6,2.6,8.8,40,123.5,Knock
2009,10,10.5,15.8,3.6,13.1,7.9,109.4,-1.5,8.8,55,65.6,Knock
2009,11,6.1,11.9,-2.6,8.7,3.5,302.3,-6.2,10.9,47,56.3,Knock
2009,12,2.3,9.9,-6.1,4.5,-0.0,76.7,-12.3,8.6,45,55.3,Knock
2010,1,1.7,9.2,-5.8,4.2,-0.8,83.4,-7.8,8.5,48,86.3,Knock
2010,2,2.1,8.4,-3.9,4.7,-0.5,45.1,-7.9,6.8,32,73.6,Knock
2010,3,5.1,12.1,-4.0,8.4,1.9,70.6,-6.1,8.8,46,142.1,Knock
2010,4,8.2,18.5,-1.1,12.5,4.0,69.2,-3.1,8.1,47,190.3,Knock
2010,5,9.9,23.6,1.3,14.0,5.8,33.4,-3.4,8.2,30,195.9,Knock
2010,6,13.8,21.9,6.2,18.0,9.5,44.7,0.8,8.1,33,180.3,Knock
2010,7,13.8,20.2,8.6,17.0,10.7,183.6,4.5,9.5,46,97.0,Knock
2010,8,13.0,21.4,5.8,16.3,9.7,73.3,1.1,8.5,38,171.4,Knock
2010,9,12.7,21.7,5.3,15.8,9.6,202.6,2.0,9.2,45,106.0,Knock
2010,10,9.2,17.2,-0.1,12.4,6.0,76.4,-3.6,8.9,45,103.9,Knock
2010,11,4.5,14.1,-4.5,7.0,2.0,156.7,-5.7,9.0,62,93.2,Knock
2010,12,0.6,9.8,-7.4,2.8,-1.5,54.3,-13.6,6.7,39,89.4,Knock
2011,1,3.0,10.6,-3.7,5.4,0.5,56.2,-8.4,7.7,44,89.1,Knock
2011,2,5.6,12.7,-1.0,8.4,2.8,122.8,-5.4,10.0,53,70.4,Knock
2011,3,6.3,15.2,-1.0,9.7,2.9,35.3,-7.1,7.3,59,103.7,Knock
2011,4,10.2,19.7,2.3,14.5,6.0,67.7,-2.4,8.8,41,180.0,Knock
2011,5,9.8,17.0,3.2,12.9,6.6,134.8,0.6,13.8,58,157.0,Knock
2011,6,10.8,22.0,2.6,14.6,6.9,70.1,-0.9,8.6,36,145.2,Knock
2011,7,13.1,20.8,6.1,16.3,9.9,113.7,1.3,7.5,40,75.3,Knock
2011,8,12.6,18.7,6.7,15.9,9.2,119.9,2.8,7.5,34,115.8,Knock
2011,9,12.0,20.6,5.4,14.9,9.2,162.4,2.8,12.3,59,67.1,Knock
2011,10,9.9,14.7,1.8,12.5,7.3,197.2,0.7,11.3,48,41.2,Knock
2011,11,8.1,14.1,1.8,10.9,5.4,180.8,-1.7,11.8,53,49.7,Knock
2011,12,4.8,11.4,-1.8,7.3,2.4,181.7,-4.6,13.1,62,29.1,Knock
2012,1,5.4,10.7,-0.6,7.8,3.1,138.4,-3.1,12.4,60,30.1,Knock
2012,2,6.3,11.9,-4.2,8.3,4.3,78.1,-5.8,10.7,44,36.5,Knock
2012,3,8.0,18.8,-1.5,11.4,4.5,33.4,-3.8,9.6,45,108.8,Knock
2012,4,6.3,13.0,-0.1,9.8,2.8,62.4,-2.7,9.2,37,176.0,Knock
2012,5,10.3,25.1,1.7,14.4,6.3,70.1,-1.2,8.4,40,174.1,Knock
2012,6,11.6,18.7,5.5,14.5,8.8,230.1,1.0,8.5,41,87.8,Knock
2012,7,12.6,18.9,5.9,15.8,9.4,120.5,3.7,8.0,37,87.9,Knock
2012,8,14.5,24.4,8.1,18.0,11.1,125.8,3.8,9.1,38,144.1,Knock
2012,9,11.1,18.1,4.1,14.3,7.9,86.1,1.8,9.7,40,122.4,Knock
2012,10,7.8,13.3,0.6,10.9,4.8,126.4,-5.8,7.6,30,106.7,Knock
2012,11,5.1,11.7,-1.0,7.4,2.8,143.0,-4.1,8.6,50,56.3,Knock
2012,12,4.4,11.2,-1.6,6.8,2.0,153.2,-3.1,9.9,63,34.3,Knock
2013,1,4.2,11.0,-2.5,6.5,1.9,153.8,-5.3,10.1,52,21.6,Knock
2013,2,3.8,10.0,-3.0,6.4,1.1,73.9,-5.1,10.3,48,62.9,Knock
2013,3,2.6,11.0,-4.5,5.4,-0.2,47.3,-6.4,10.3,46,74.6,Knock
2013,4,6.2,14.0,-1.8,10.0,2.4,105.9,-3.2,11.5,56,179.3,Knock
2013,5,8.7,17.1,1.6,11.9,5.5,134.4,0.5,11.1,48,135.5,Knock
2013,6,12.7,23.3,5.7,16.7,8.7,68.5,2.8,8.4,36,164.6,Knock
2013,7,16.8,27.5,8.7,21.1,12.5,81.8,5.9,6.7,32,198.4,Knock
2013,8,14.0,20.0,8.6,17.2,10.8,73.5,6.1,8.5,39,112.2,Knock
2013,9,12.7,21.1,5.9,15.7,9.7,71.6,2.7,9.4,48,96.8,Knock
2013,10,10.6,19.2,3.4,13.3,7.8,122.3,-1.2,9.3,44,84.3,Knock
2013,11,5.8,12.4,0.1,8.3,3.4,63.0,-5.4,7.8,42,55.2,Knock
2013,12,5.4,12.8,-0.8,7.9,2.9,211.1,-2.6,12.3,61,24.3,Knock
2014,1,4.2,10.4,-0.7,6.7,1.8,208.1,-3.9,10.8,58,41.5,Knock
2014,2,4.2,9.6,-1.1,6.8,1.5,236.2,-3.1,12.5,62,49.0,Knock
2014,3,5.8,13.1,-1.3,8.8,2.8,117.0,-3.3,10.1,48,80.2,Knock
2014,4,9.2,18.6,1.6,13.2,5.1,43.4,-1.2,9.1,37,132.1,Knock
2014,5,10.6,19.1,4.0,13.8,7.4,132.8,1.7,8.6,39,101.3,Knock
2014,6,13.7,23.8,5.5,17.4,10.0,67.0,4.1,7.1,31,137.3,Knock
2014,7,15.1,25.2,7.2,18.7,11.4,71.0,4.9,7.6,32,92.5,Knock
2014,8,12.8,20.6,6.7,16.0,9.6,142.2,2.3,9.3,38,123.4,Knock
2014,9,13.6,20.7,6.0,17.2,10.0,18.7,1.7,6.1,27,114.9,Knock
2014,10,9.8,15.6,0.6,12.9,6.7,162.1,-0.9,9.9,48,80.0,Knock
2014,11,6.6,12.1,-0.2,9.2,4.0,149.7,-1.7,8.0,33,55.8,Knock
2014,12,4.8,11.5,-3.0,7.1,2.4,169.9,-4.7,11.0,50,27.8,Knock
2015,1,3.7,12.7,-2.3,6.4,0.9,224.9,-7.3,12.6,60,38.5,Knock
2015,2,3.8,10.2,-1.6,6.4,1.2,95.8,-5.7,9.5,59,50.5,Knock
2015,3,5.1,12.3,-1.8,8.5,1.6,135.5,-4.7,11.6,53,91.7,Knock
2015,4,8.0,18.5,-0.4,12.7,3.4,87.3,-3.4,8.3,40,196.2,Knock
2015,5,8.5,15.2,2.2,11.9,5.1,151.5,-0.9,10.9,43,102.7,Knock
2015,6,11.6,19.7,3.8,15.3,8.0,51.8,1.4,9.1,46,136.9,Knock
2015,7,12.5,21.3,6.7,15.8,9.1,160.8,1.8,8.9,40,81.6,Knock
2015,8,12.8,19.4,6.9,15.9,9.6,178.5,2.9,8.2,47,75.5,Knock
2015,9,11.3,19.0,5.7,14.4,8.2,89.9,1.8,8.3,33,69.7,Knock
2015,10,9.7,16.2,2.7,12.8,6.6,78.5,1.3,7.7,44,72.5,Knock
2015,11,7.4,14.6,0.3,10.3,4.5,250.2,-2.8,11.0,55,44.2,Knock
2015,12,6.4,13.2,-0.5,9.3,3.5,347.8,-1.4,12.6,57,20.8,Knock
2016,1,4.5,12.3,-1.0,6.9,2.1,183.4,-4.7,11.2,62,35.2,Knock
2016,2,3.9,10.5,-1.8,6.7,1.1,157.3,-5.7,10.8,63,64.3,Knock
2016,3,5.7,13.3,-1.7,9.0,2.4,93.6,-4.6,9.5,60,109.4,Knock
2016,4,6.3,16.9,-0.9,9.9,2.6,84.1,-2.8,9.3,44,140.5,Knock
2016,5,11.3,23.5,3.7,15.5,7.1,69.9,-1.7,8.2,37,191.3,Knock
2016,6,13.9,23.2,6.5,17.4,10.4,112.2,4.7,7.6,33,123.2,Knock
2016,7,13.8,27.1,7.3,17.1,10.5,95.0,5.0,8.2,36,78.5,Knock
2016,8,14.4,24.1,8.4,17.5,11.2,117.7,5.0,9.3,38,83.2,Knock
2016,9,12.5,19.4,4.5,15.6,9.3,103.2,2.1,9.3,45,69.5,Knock
2016,10,9.6,15.4,3.2,12.5,6.7,59.0,0.8,7.9,33,74.7,Knock
2016,11,5.5,13.4,-2.7,8.1,2.9,71.7,-7.4,7.0,34,89.6,Knock
2016,12,5.9,13.0,-0.8,8.5,3.4,83.0,-5.7,9.5,46,39.3,Knock
2017,1,5.2,10.9,-2.4,7.4,3.0,55.4,-6.4,9.4,48,51.4,Knock
2017,2,5.0,11.1,-2.1,7.7,2.3,87.6,-4.2,11.3,68,30.7,Knock
2017,3,7.1,16.4,-1.2,10.5,3.6,134.9,-3.7,9.7,42,112.9,Knock
2017,4,8.1,16.0,1.3,11.2,5.1,23.6,-1.6,8.6,38,60.1,Knock
2017,5,11.9,23.8,4.3,16.5,7.2,65.4,0.2,8.3,35,195.9,Knock
2017,6,12.8,22.2,5.6,16.1,9.4,113.0,3.4,9.9,40,97.9,Knock
2017,7,13.6,24.3,7.3,17.3,9.9,134.3,3.4,8.0,32,117.9,Knock
2017,8,13.2,17.9,7.4,16.5,9.9,144.3,4.5,8.3,30,95.4,Knock
2017,9,11.5,19.2,5.1,14.7,8.3,170.6,0.9,9.6,41,89.7,Knock
2017,10,10.2,16.2,3.3,12.8,7.5,122.0,-0.5,11.0,50,46.9,Knock
2017,11,6.3,13.6,-1.1,8.8,3.7,135.4,-3.4,8.5,44,49.2,Knock
2017,12,5.0,11.9,-2.1,7.1,2.8,156.2,-5.5,9.7,51,24.3,Knock
2018,1,4.1,11.2,-3.6,6.6,1.6,201.0,-4.7,12.1,84,41.9,Knock
2018,2,2.8,10.6,-5.4,5.7,-0.0,101.3,-5.6,10.0,43,93.9,Knock
2018,3,3.9,10.9,-6.8,7.1,0.7,63.6,-7.1,9.8,44,81.7,Knock
2018,4,7.7,16.2,-2.1,11.0,4.4,112.9,-5.4,9.7,48,69.7,Knock
2018,5,11.7,23.8,1.8,16.2,7.1,67.3,-0.9,8.8,38,201.9,Knock
2018,6,15.0,28.9,5.7,19.5,10.5,54.1,0.7,7.2,53,198.9,Knock
2018,7,14.8,25.1,8.4,18.9,10.8,82.6,5.1,7.4,32,122.8,Knock
2018,8,13.4,19.9,6.7,16.7,10.2,140.2,2.9,8.2,33,84.2,Knock
2018,9,10.9,18.7,3.4,14.1,7.7,104.2,-2.2,8.7,63,66.6,Knock
2018,10,8.8,18.8,0.8,11.8,5.9,103.3,-4.4,9.4,49,96.3,Knock
2018,11,6.4,13.3,0.7,9.0,3.9,136.9,-3.2,10.9,55,60.7,Knock
2018,12,6.5,11.6,1.2,8.6,4.4,139.3,-2.3,10.4,48,15.5,Knock
2019,1,5.0,10.2,-2.5,6.9,3.1,93.2,-3.5,8.9,53,18.1,Knock
2019,2,6.5,14.8,-2.9,9.6,3.5,99.2,-6.8,11.4,60,49.8,Knock
2019,3,6.0,13.1,-0.3,9.1,2.9,182.4,-2.3,11.1,58,65.0,Knock
2019,4,8.3,21.2,-0.1,12.1,4.5,96.5,-2.0,10.3,48,104.7,Knock
2019,5,10.2,19.4,1.6,14.2,6.2,78.1,-0.9,8.0,31,148.9,Knock
2019,6,11.7,23.8,5.1,15.3,8.1,114.2,0.5,8.8,42,124.8,Knock
2019,7,15.0,22.6,8.0,18.4,11.5,85.9,2.5,8.1,36,103.3,Knock
2019,8,14.0,22.8,6.9,17.5,10.6,207.6,5.3,9.1,36,103.9,Knock
2019,9,12.2,20.3,6.3,15.6,8.8,116.7,1.0,8.7,44,105.9,Knock
2019,10,8.4,15.2,0.9,11.3,5.4,104.6,-4.1,8.9,49,97.2,Knock
2019,11,5.5,11.1,-0.9,7.4,3.5,103.0,-7.1,8.2,43,61.5,Knock
2019,12,5.2,11.2,-1.1,7.4,3.0,174.0,-5.1,10.6,63,47.6,Knock
2020,1,5.0,11.7,-1.9,7.3,2.7,122.5,-5.8,10.4,55,39.3,Knock
2020,2,4.2,9.9,-1.1,7.1,1.3,277.4,-2.3,13.6,58,54.5,Knock
2020,3,5.1,12.3,-0.7,8.4,1.9,117.6,-6.3,10.3,51,109.5,Knock
2020,4,9.3,18.5,0.0,13.7,4.9,21.0,-1.9,8.2,37, ,Knock
2020,5,11.4,24.3,0.2,15.9,6.8,30.8,-2.2,9.2,48, ,Knock
2020,6,12.3,24.3,4.8,15.6,9.0,126.8,2.0,9.4,42, ,Knock
2020,7,12.6,20.0,6.6,15.6,9.7,159.6,6.4,8.8,44, ,Knock
2020,8,14.6,22.9,5.8,17.9,11.3,104.9,4.5,7.7,49, ,Knock
2020,9,12.0,19.7,3.7,15.2,8.8,75.4,0.2,8.6,39, ,Knock
2020,10,8.6,13.8,1.8,11.3,5.8,178.8,0.1,10.2,57, ,Knock
2020,11,7.2,13.3,1.0,9.6,4.8,129.3,-1.3,9.5,42, ,Knock
2020,12,4.3,10.0,-2.1,6.5,2.0,161.8,-4.4,10.0,53, ,Knock
2021,1,3.5,9.9,-2.4,5.7,1.2,129.3,-6.7,8.2,38, ,Knock
2021,2,4.7,11.1,-3.6,7.2,2.2,118.7,-4.7,11.9,54, ,Knock
2021,3,6.2,13.4,-0.4,8.8,3.7,118.9,-1.7,10.0,46, ,Knock
2021,4,7.1,17.9,-1.5,11.3,2.8,41.6,-5.5,7.9,33, ,Knock
2021,5,8.9,20.6,0.2,12.9,4.8,115.6,-4.3,8.4,44, ,Knock
2021,6,12.2,19.9,4.9,15.8,8.6,50.2,1.2,8.3,34, ,Knock
2021,7,16.2,28.0,8.8,19.9,12.5,122.8,7.4,6.1,30, ,Knock
2021,8,14.7,23.6,9.8,17.8,11.5,117.7,6.3,7.5,40, ,Knock
2021,9,13.6,24.7,4.1,16.3,10.8,147.7,2.9,7.1,32, ,Knock
2021,10,10.3,16.4,3.4,12.9,7.7,166.4,0.5,8.5,39, ,Knock
2021,11,7.7,13.1,1.4,9.9,5.5,105.7,-2.6,8.9,46, ,Knock
2021,12,6.1,12.0,0.0,8.0,4.1,129.9,-0.9,10.2,57, ,Knock
2022,1,5.4,12.9,-1.5,7.9,2.8,72.7,-4.1,8.8,53, ,Knock
2022,2,5.5,12.2,-1.3,8.3,2.6,186.8,-2.1,13.5,68, ,Knock
2022,3,6.7,16.5,-2.1,10.8,2.5,61.5,-5.3,8.8,46, ,Knock
2022,4,8.2,16.3,-0.7,12.0,4.4,77.2,-2.9,9.1,53, ,Knock
2022,5,11.3,18.6,4.5,14.8,7.7,101.7,1.6,9.3,38, ,Knock
2022,6,12.3,19.9,6.3,15.7,8.9,128.8,3.5,8.8,40, ,Knock
2022,7,15.0,27.6,8.6,18.6,11.3,39.8,6.5,7.4,32, ,Knock
2022,8,15.0,27.2,7.9,19.2,10.9,59.4,4.9,7.1,29, ,Knock
2022,9,12.7,19.9,7.2,15.7,9.8,97.0,0.2,7.8,42, ,Knock
2022,10,10.5,15.9,3.8,13.2,7.8,217.5,0.2,9.8,44, ,Knock
2022,11,7.4,14.4,0.5,9.8,4.9,172.8,-3.2,9.9,48, ,Knock
2022,12,3.3,11.7,-5.5,5.6,0.9,110.1,-7.2,7.5,39, ,Knock
2023,1,5.0,11.0,-2.5,7.2,2.8,137.3,-8.0,9.6,52, ,Knock
2023,2,6.4,12.7,-1.7,8.8,4.1,50.3,-6.1,9.7,41, ,Knock
2023,3,5.9,13.9,-3.7,8.9,3.0,163.7,-5.0,8.8,42, ,Knock
2023,4,8.6,18.4,0.0,12.2,4.9,94.0,-3.5,9.0,56, ,Knock
2023,5,12.0,23.2,5.0,16.1,7.8,46.4,5.1,7.4,31, ,Knock
2023,6,16.1,24.9,8.3,20.4,11.9,83.3,7.8,7.3,32, ,Knock
2023,7,13.5,20.5,7.9,16.4,10.6,203.7,5.4,8.8,42, ,Knock
2023,8,14.2,22.8,7.0,17.2,11.2,148.2,3.5,8.7,35, ,Knock
2023,9,13.6,26.2,5.4,17.2,10.0,137.8,2.7,7.8,37, ,Knock
2023,10,10.4,19.8,3.2,12.9,7.8,134.5,-1.6,7.9,35, ,Knock
2023,11,6.6,12.0,-1.8,9.0,4.2,172.8,-4.0,8.7,61, ,Knock
2023,12,6.2,11.7,-3.1,8.1,4.2,214.3,-6.7,12.1,51, ,Knock
2024,1,4.2,11.6,-2.8,6.6,1.7,126.1,-8.1,9.3,65, ,Knock
2024,2,6.3,12.2,-0.2,8.8,3.9,146.4,-1.5,9.4,46, ,Knock
2024,3,6.4,12.4,-0.7,9.4,3.3,140.6,-2.3,10.0,40, ,Knock
2024,4,8.2,18.4,2.4,11.5,4.9,95.1,-1.0,9.6,55, ,Knock
2024,5,11.8,22.8,4.4,15.5,8.2,124.7,3.0,7.5,31, ,Knock
2024,6,11.6,21.8,4.0,15.2,8.0,66.2,1.4,9.0,35, ,Knock
2024,7,13.4,20.3,6.8,16.6,10.2,97.3,5.3,7.7,34, ,Knock
2024,8,13.3,21.5,6.0,16.7,10.0,215.4,4.8,9.5,40, ,Knock
2024,9,12.0,23.6,4.9,15.3,8.7,56.1,1.4,8.3,37, ,Knock
2024,10,10.1,16.5,2.6,12.9,7.3,116.1,-0.5,8.5,65, ,Knock
2000,1,6.6,11.0,1.9,8.5,4.7,99.9,0.1,18.8,68,26.0,Malin Head
2000,2,6.5,12.0,0.2,9.1,3.9,131.3,0.0,22.4,77,57.7,Malin Head
2000,3,7.5,12.1,1.1,9.5,5.6,64.9,-0.8,15.3,53,74.6,Malin Head
2000,4,7.1,15.8,0.5,9.6,4.6,79.3,-1.3,16.1,50,149.1,Malin Head
2000,5,10.2,20.5,3.5,13.0,7.3,38.5,2.0,11.3,47,278.7,Malin Head
2000,6,12.7,21.1,8.3,15.1,10.3,43.6,6.9,13.2,56,155.0,Malin Head
2000,7,14.1,23.9,9.9,16.1,12.0,46.2,7.3,10.0,40,180.1,Malin Head
2000,8,14.7,21.4,8.0,17.4,12.0,99.5,5.8,10.2,42,197.5,Malin Head
2000,9,13.4,19.1,7.0,15.8,11.0,176.0,5.3,13.3,49,109.6,Malin Head
2000,10,10.0,17.3,3.7,12.3,7.7,170.7,2.1,20.1,68,78.8,Malin Head
2000,11,7.2,13.7,2.0,9.3,5.2,104.9,0.1,19.1,59,33.3,Malin Head
2000,12,6.4,12.6,-2.8,8.2,4.7,121.1,-4.5,17.0,55,42.9,Malin Head
2001,1,4.7,9.4,-1.7,6.7,2.7,61.5,-4.5,15.7,57,77.7,Malin Head
2001,2,5.1,11.3,-0.7,7.4,2.9,86.5,-2.5,17.2,58,88.7,Malin Head
2001,3,5.3,13.1,-2.5,7.5,3.1,29.4,-4.5,17.4,66,125.0,Malin Head
2001,4,7.3,14.9,2.2,9.7,4.9,54.2,-0.2,13.9,57,152.0,Malin Head
2001,5,11.3,22.3,3.7,14.2,8.4,34.2,2.2,9.7,58,221.9,Malin Head
2001,6,12.0,21.6,6.4,14.1,9.9,59.0,5.0,14.4,48,135.8,Malin Head
2001,7,13.6,21.4,7.4,15.8,11.4,72.6,5.9,12.3,43,137.6,Malin Head
2001,8,14.8,21.0,9.6,17.2,12.3,84.6,8.1,12.3,57,164.0,Malin Head
2001,9,13.2,19.1,7.1,15.1,11.3,60.3,6.0,16.2,59,118.0,Malin Head
2001,10,12.5,18.1,6.0,14.6,10.4,94.1,5.0,18.2,58,71.1,Malin Head
2001,11,9.3,14.5,1.9,11.3,7.3,121.8,1.6,17.5,66,23.1,Malin Head
2001,12,6.6,13.1,-0.1,9.1,4.1,98.5,-2.0,17.0,74,56.6,Malin Head
2002,1,7.3,12.6,-0.1,9.3,5.3,86.9,-1.8,18.7,86,49.1,Malin Head
2002,2,6.5,11.6,0.4,9.1,4.0,168.9,-1.6,20.8,77,59.1,Malin Head
2002,3,7.7,14.7,1.2,10.3,5.2,74.3,-0.5,17.1,66,122.5,Malin Head
2002,4,8.6,18.4,0.9,11.6,5.7,69.2,-1.3,13.9,50,164.8,Malin Head
2002,5,10.5,19.9,3.5,13.3,7.8,85.9,1.3,13.2,56,182.6,Malin Head
2002,6,12.7,18.5,5.2,15.0,10.3,107.7,3.7,15.1,58,165.7,Malin Head
2002,7,13.2,22.2,7.1,15.3,11.2,76.2,6.0,11.3,40,155.2,Malin Head
2002,8,14.6,21.5,9.1,16.7,12.4,53.7,6.8,9.7,49,125.9,Malin Head
2002,9,13.6,20.2,6.0,16.1,11.0,60.0,4.0,11.0,43,147.1,Malin Head
2002,10,10.1,19.1,2.0,12.1,8.1,145.0,0.4,14.9,54,76.0,Malin Head
2002,11,8.9,14.2,2.0,10.8,7.0,88.6,0.3,18.5,62,54.4,Malin Head
2002,12,6.7,12.8,0.2,8.3,5.2,46.1,-1.3,15.8,62,41.2,Malin Head
2003,1,6.2,11.2,-2.9,8.1,4.3,86.4,-5.1,20.0,70,56.3,Malin Head
2003,2,5.7,11.2,-0.5,8.1,3.4,47.4,-3.0,17.8,69,94.0,Malin Head
2003,3,7.9,14.5,0.5,11.1,4.6,39.8,-1.8,12.8,54,153.2,Malin Head
2003,4,9.6,20.7,0.7,12.5,6.8,37.1,-0.8,13.1,54,181.6,Malin Head
2003,5,10.3,19.3,3.2,13.0,7.7,104.6,1.1,14.3,68,158.4,Malin Head
2003,6,13.7,21.8,8.6,16.5,10.9,70.1,6.9,13.2,47,195.1,Malin Head
2003,7,15.3,21.4,10.0,17.7,12.8,94.4,8.1,11.2,40,122.4,Malin Head
2003,8,15.3,25.4,8.8,17.8,12.9,23.3,7.5,11.2,43,191.7,Malin Head
2003,9,13.3,23.0,6.5,16.1,10.6,73.2,3.9,11.9,50,92.1,Malin Head
2003,10,10.3,15.1,2.3,12.3,8.3,65.9,0.6,16.4,61,96.3,Malin Head
2003,11,8.8,15.7,1.6,11.1,6.4,99.2,1.6,17.0,57,59.8,Malin Head
2003,12,6.7,11.8,0.0,9.0,4.5,100.9,-1.9,17.3,66,33.2,Malin Head
2004,1,6.7,11.5,0.8,8.6,4.8,155.0,-0.6,17.2,57,28.2,Malin Head
2004,2,6.2,14.1,-0.2,8.6,3.7,49.8,-2.2,17.0,69,93.8,Malin Head
2004,3,7.0,14.0,-0.5,9.5,4.5,53.8,-3.1,16.8,61,142.8,Malin Head
2004,4,8.9,15.8,2.8,11.3,6.6,74.8,0.1,15.3,63,150.9,Malin Head
2004,5,10.6,19.0,4.0,13.2,8.1,35.3,2.3,10.8,45,206.3,Malin Head
2004,6,13.3,19.5,6.3,15.6,11.0,107.6,4.5,14.8,45,152.2,Malin Head
2004,7,13.9,21.2,7.3,16.4,11.4,99.3,5.9,11.1,38,155.6,Malin Head
2004,8,15.5,23.6,9.5,17.8,13.2,80.2,6.6,12.0,47,143.5,Malin Head
2004,9,13.6,20.9,8.0,16.0,11.3,136.7,6.0,15.9,57,99.1,Malin Head
2004,10,9.9,15.8,1.2,11.9,7.8,112.0,-0.7,15.3,54,87.3,Malin Head
2004,11,9.1,12.8,1.5,10.6,7.6,94.6,-0.3,15.3,51,25.1,Malin Head
2004,12,7.6,12.2,-0.1,9.8,5.5,142.2,-2.0,18.1,64,29.1,Malin Head
2005,1,7.3,13.2,0.4,9.5,5.2,138.9,-0.9,20.7,74,31.1,Malin Head
2005,2,6.1,10.5,1.0,7.8,4.3,75.2,-1.8,15.8,68,65.2,Malin Head
2005,3,8.2,15.4,-0.5,10.2,6.3,63.9,-1.5,14.1,47,107.2,Malin Head
2005,4,8.4,17.2,1.0,10.9,5.8,80.3,1.0,14.4,58,161.3,Malin Head
2005,5,9.7,18.0,3.5,12.5,6.9,77.4,1.4,11.0,53,203.4,Malin Head
2005,6,13.5,21.8,8.3,15.6,11.3,83.1,4.8,8.5,32,124.0,Malin Head
2005,7,14.1,22.0,8.1,16.2,12.1,24.3,6.2,8.6,52,100.9,Malin Head
2005,8,14.5,22.0,9.1,16.8,12.3,128.0,7.1,9.9,55,135.1,Malin Head
2005,9,14.3,23.4,7.0,16.9,11.6,93.2,5.1,13.0,50,99.5,Malin Head
2005,10,11.9,18.9,6.6,14.3,9.6,110.0,4.4,13.2,53,75.4,Malin Head
2005,11,8.0,13.9,0.7,10.4,5.5,101.8,-1.6,15.8,69,70.3,Malin Head
2005,12,7.1,12.9,-0.8,9.2,5.1,110.0,-3.1,13.7,50,30.0,Malin Head
2006,1,6.2,12.0,-0.7,8.4,4.1,67.6,-5.0,15.7,67,49.5,Malin Head
2006,2,6.2,12.3,-0.1,8.3,4.0,39.8,-4.0,16.6,52,98.8,Malin Head
2006,3,6.3,15.1,-1.5,8.5,4.1,108.0,-5.0,16.1,49,94.4,Malin Head
2006,4,8.0,13.2,1.5,10.6,5.4,69.4,-1.9,14.9,52,174.6,Malin Head
2006,5,10.5,17.3,4.4,13.3,7.8,73.9,1.4,16.3,52,232.1,Malin Head
2006,6,13.9,24.6,8.0,16.7,11.0,63.3,5.1,11.6,59,194.5,Malin Head
2006,7,16.1,25.9,7.8,19.1,13.0,71.7,5.5,10.5,42,169.5,Malin Head
2006,8,14.8,23.1,11.1,16.8,12.7,62.0,9.1,13.3,40,117.6,Malin Head
2006,9,14.8,21.2,7.5,17.9,11.8,122.8,4.7,13.0,71,106.2,Malin Head
2006,10,12.4,18.6,7.0,14.8,10.1,127.3,1.5,15.2,59,94.0,Malin Head
2006,11,8.7,13.7,2.0,10.9,6.4,168.1,-1.0,19.3,69,50.9,Malin Head
2006,12,7.2,13.0,0.0,9.4,5.0,183.0,-1.7,17.5,78,47.7,Malin Head
2007,1,7.4,12.6,0.7,9.5,5.3,165.3,-1.7,21.5,76,35.0,Malin Head
2007,2,6.8,12.4,-2.0,9.0,4.5,68.4,-4.9,15.8,54,72.3,Malin Head
2007,3,7.2,12.5,0.7,10.1,4.4,60.6,-2.4,17.9,67,134.4,Malin Head
2007,4,10.5,18.2,3.1,13.6,7.3,32.6,-1.4,11.4,41,190.1,Malin Head
2007,5,10.7,18.9,4.2,13.4,8.1,101.8,2.4,13.8,55,250.5,Malin Head
2007,6,13.3,20.4,7.9,15.6,11.0,83.3,5.1,11.8,42,201.6,Malin Head
2007,7,13.8,19.0,7.9,16.1,11.6,98.3,5.5,10.2,32,211.6,Malin Head
2007,8,14.2,20.5,9.8,16.2,12.2,92.4,6.6,12.7,45,120.2,Malin Head
2007,9,13.3,18.4,7.0,15.5,11.1,80.4,5.5,13.5,49,107.0,Malin Head
2007,10,12.5,17.9,6.6,14.7,10.3,73.0,2.0,13.0,45,95.7,Malin Head
2007,11,9.8,15.9,4.4,11.7,7.9,101.1,1.6,17.2,54,14.9,Malin Head
2007,12,7.2,14.0,1.5,9.4,4.9,114.4,-4.0,16.5,56,33.4,Malin Head
2008,1,6.5,12.4,-2.4,8.6,4.3,188.8,-5.5,18.4,91,25.8,Malin Head
2008,2,6.9,13.3,-1.8,9.5,4.2,89.0,-5.1,18.7,76,88.5,Malin Head
2008,3,6.5,11.6,0.8,8.8,4.2,140.5,-0.5,20.4,66,106.4,Malin Head
2008,4,8.1,17.0,1.5,10.5,5.7,49.4,-1.1,17.3,60,201.9,Malin Head
2008,5,11.9,20.3,4.5,14.7,9.2,15.1,1.0,13.1,47,264.5,Malin Head
2008,6,12.7,18.7,6.4,15.4,10.1,74.6,4.3,14.5,50,173.0,Malin Head
2008,7,14.7,22.2,8.9,17.0,12.5,126.0,6.2,14.2,48,136.7,Malin Head
2008,8,14.8,19.6,9.8,16.9,12.8,123.2,7.1,12.8,46,102.4,Malin Head
2008,9,13.0,19.4,8.1,15.3,10.8,87.8,5.0,12.3,49,106.9,Malin Head
2008,10,10.0,15.6,2.1,12.4,7.6,146.9,0.6,19.2,64,84.7,Malin Head
2008,11,8.2,13.1,1.5,10.1,6.4,115.6,0.5,17.4,64,37.1,Malin Head
2008,12,6.0,12.7,-0.2,8.4,3.6,85.7,-1.6,15.6,72,45.1,Malin Head
2009,1,5.3,13.1,-1.1,7.8,2.9,98.8,-2.7,16.5,64,55.4,Malin Head
2009,2,6.3,11.3,-1.0,8.2,4.3,40.4,-2.3,14.4,44,55.2,Malin Head
2009,3,7.6,15.9,0.6,10.1,5.0,87.6,-0.6,16.0,67,112.7,Malin Head
2009,4,9.3,17.2,3.1,12.0,6.6,94.7,1.7,12.1,43,158.4,Malin Head
2009,5,10.8,22.2,3.8,13.7,7.8,95.2,2.5,14.8,55,221.4,Malin Head
2009,6,13.4,24.4,4.8,16.1,10.6,47.7,3.7,10.7,42,280.8,Malin Head
2009,7,14.9,21.5,9.8,17.7,12.2,72.2,6.2,10.8,44,194.5,Malin Head
2009,8,14.8,21.0,9.3,17.4,12.1,170.9,6.2,12.3,58,133.3,Malin Head
2009,9,13.2,17.9,6.6,15.5,11.0,71.0,2.0,12.8,50,118.1,Malin Head
2009,10,11.8,16.7,5.5,13.8,9.9,108.6,2.5,12.1,58,71.3,Malin Head
2009,11,8.3,13.4,0.4,10.7,5.9,227.6,-1.6,15.5,63,58.3,Malin Head
2009,12,5.2,10.7,-3.0,7.3,3.1,57.0,-5.2,13.0,58,45.8,Malin Head
2010,1,4.5,10.0,-2.9,6.6,2.5,68.3,-5.2,12.8,61,54.1,Malin Head
2010,2,4.0,8.9,-3.3,6.2,1.8,85.4,-5.3,11.4,47,93.7,Malin Head
2010,3,6.2,13.7,-2.1,8.9,3.4,83.5,-4.9,13.5,59,129.3,Malin Head
2010,4,8.7,17.5,1.2,11.4,5.9,51.9,-1.8,10.7,48,171.9,Malin Head
2010,5,10.3,19.0,3.4,12.7,7.9,50.7,0.5,9.7,38,215.9,Malin Head
2010,6,13.8,22.0,8.3,16.7,11.0,24.8,3.8,8.1,37,185.2,Malin Head
2010,7,14.6,21.6,7.9,16.8,12.5,136.0,5.0,14.3,58,117.8,Malin Head
2010,8,14.0,20.1,7.8,16.2,11.8,64.4,4.3,12.7,45,165.9,Malin Head
2010,9,13.9,22.5,6.1,16.2,11.7,144.1,3.4,15.2,54,116.3,Malin Head
2010,10,10.8,17.6,1.8,13.5,8.2,68.5,-1.7,15.5,56,110.8,Malin Head
2010,11,6.8,13.6,1.1,8.9,4.8,115.6,-0.9,18.2,68,45.4,Malin Head
2010,12,4.0,11.8,-3.5,6.1,1.9,69.2,-6.5,13.1,53,57.6,Malin Head
2011,1,5.1,11.7,-3.6,7.4,2.7,89.6,-6.6,13.7,51, ,Malin Head
2011,2,6.6,13.5,0.2,9.4,3.8,105.5,-4.1,15.3,74, ,Malin Head
2011,3,6.8,15.4,0.4,9.5,4.2,59.0,-3.5,12.2,56, ,Malin Head
2011,4,10.7,20.8,5.5,14.0,7.3,66.2,-0.9,12.5,45, ,Malin Head
2011,5,11.0,18.3,5.9,13.7,8.4,100.4,3.0,19.4,73, ,Malin Head
2011,6,11.6,19.2,4.2,14.5,8.8,84.5,-0.2,11.2,37, ,Malin Head
2011,7,13.7,21.0,7.7,16.4,10.9,49.9,3.5,10.6,41, ,Malin Head
2011,8,13.4,19.4,7.0,16.1,10.7,79.0,3.5,11.2,42, ,Malin Head
2011,9,13.7,23.4,7.5,16.3,11.1,133.0,4.1,17.5,66, ,Malin Head
2011,10,11.4,16.4,4.6,13.6,9.1,177.1,0.3,17.3,57, ,Malin Head
2011,11,9.8,14.9,2.5,12.3,7.3,103.7,-1.5,17.7,56, ,Malin Head
2011,12,6.8,13.5,2.0,9.0,4.6,184.2,0.1,22.3,78, ,Malin Head
2012,1,6.6,11.3,1.5,8.7,4.5,134.7,-0.9,19.6,91, ,Malin Head
2012,2,7.5,12.4,-1.7,9.2,5.8,68.1,-6.9,16.1,51, ,Malin Head
2012,3,9.2,19.9,1.7,12.2,6.3,29.8,-1.1,13.8,50, ,Malin Head
2012,4,7.4,11.4,1.6,10.0,4.8,46.3,-2.5,14.4,46, ,Malin Head
2012,5,10.4,21.2,2.0,13.2,7.6,50.7,-3.1,12.8,51, ,Malin Head
2012,6,11.6,18.7,4.0,14.0,9.2,141.1,0.4,12.5,49, ,Malin Head
2012,7,13.0,19.9,7.1,15.4,10.6,91.4,4.0,11.3,35, ,Malin Head
2012,8,15.2,22.6,8.4,17.9,12.4,87.3,3.6,12.9,48, ,Malin Head
2012,9,12.6,20.7,4.2,15.0,10.2,139.2,1.1,18.0,55, ,Malin Head
2012,10,9.7,14.8,3.0,11.9,7.4,123.5,1.2,13.7,42, ,Malin Head
2012,11,7.3,13.6,1.1,9.5,5.2,87.4,-1.2,15.7,46, ,Malin Head
2012,12,6.1,13.4,-0.5,8.5,3.7,149.3,-4.1,16.4,62, ,Malin Head
2013,1,5.7,12.3,0.3,7.8,3.6,140.9,-2.6,17.2,67, ,Malin Head
2013,2,5.2,12.5,-2.6,7.5,2.8,74.1,-6.8,14.8,61, ,Malin Head
2013,3,4.1,8.9,-1.5,6.0,2.2,61.7,-4.4,18.9,61, ,Malin Head
2013,4,7.0,15.6,-1.0,9.8,4.2,61.6,-3.1,15.9,53, ,Malin Head
2013,5,9.5,18.5,3.6,12.2,6.7,102.5,1.5,14.7,46, ,Malin Head
2013,6,12.6,21.2,7.4,15.5,9.8,85.5,2.0,11.5,41, ,Malin Head
2013,7,15.6,22.6,8.4,18.6,12.6,56.6,5.5,9.4,37, ,Malin Head
2013,8,14.8,21.9,9.6,17.4,12.2,92.6,6.2,13.1,41, ,Malin Head
2013,9,13.4,21.0,6.5,15.8,11.0,69.7,3.3,14.9,54, ,Malin Head
2013,10,12.1,19.3,3.1,14.1,10.0,103.8,0.4,16.3,51, ,Malin Head
2013,11,7.7,12.4,2.1,9.7,5.7,116.0,-0.9,16.7,59, ,Malin Head
2013,12,7.3,15.2,1.3,9.6,5.0,178.6,0.1,21.6,73, ,Malin Head
2014,1,5.6,10.4,0.2,7.6,3.5,162.2,-2.0,16.9,59, ,Malin Head
2014,2,6.0,11.0,0.3,8.2,3.8,189.9,-1.4,19.3,58, ,Malin Head
2014,3,7.2,14.2,-0.8,9.6,4.7,71.6,-4.4,16.9,54, ,Malin Head
2014,4,9.7,17.0,2.4,12.7,6.8,33.4,-2.0,13.9,45, ,Malin Head
2014,5,11.0,16.4,6.9,13.4,8.6,86.8,1.3,12.0,42, ,Malin Head
2014,6,13.3,18.7,5.8,15.7,10.9,48.6,1.1,9.3,31, ,Malin Head
2014,7,15.6,25.6,9.1,18.5,12.8,86.0,1.5,11.3,37, ,Malin Head
2014,8,14.0,19.5,7.6,16.4,11.7,95.3,5.4, ,47, ,Malin Head
2014,9,14.1,20.4,9.4,16.5,11.8,23.0,5.6,10.2,40, ,Malin Head
2014,10,11.5,18.0,4.3,13.9,9.1,131.4,-2.0,16.7,63, ,Malin Head
2014,11,8.6,14.0,2.3,11.1,6.1,134.4,-2.8,13.2,49, ,Malin Head
2014,12,6.6,11.5,0.6,8.7,4.6,150.5,-4.1,19.6,69, ,Malin Head
2015,1,5.6,13.1,-1.0,8.2,2.9,176.0,-3.5,22.1,70, ,Malin Head
2015,2,5.5,12.2,-0.3,7.7,3.3,85.8,-2.5,15.3,67, ,Malin Head
2015,3,6.4,12.3,0.4,9.4,3.5,123.1,-5.7,16.8,65, ,Malin Head
2015,4,7.5,17.6,-0.7,10.6,4.4,64.7,-4.2,12.0,50, ,Malin Head
2015,5,9.3,15.1,2.2,11.7,6.9,137.0,-3.0,16.4,52, ,Malin Head
2015,6,11.7,24.7,5.7,14.3,9.0,56.1,-0.7,13.2,62, ,Malin Head
2015,7,13.4,21.4,8.4,15.8,11.0,132.7,5.6,13.3,57, ,Malin Head
2015,8,13.8,20.7,8.1,16.8,10.8,111.0,2.2,12.1,42, ,Malin Head
2015,9,12.7,19.4,7.9,15.2,10.2,29.7,0.1,13.1,43, ,Malin Head
2015,10,11.1,18.8,4.7,13.9,8.3,71.8,-1.2,12.3,55, ,Malin Head
2015,11,8.7,16.0,1.6,11.3,6.1,222.9,-1.6,18.6,65, ,Malin Head
2015,12,8.1,16.0,0.4,11.0,5.3,272.9,-1.6,19.1,60, ,Malin Head
2016,1,6.5,14.5,-0.1,8.7,4.2,166.3,-5.0,18.3,70, ,Malin Head
2016,2,5.5,12.0,-0.8,7.9,3.1,130.7,-5.7,17.8,70, ,Malin Head
2016,3,7.1,13.4,1.4,9.6,4.6,72.7,-3.0,13.1,57, ,Malin Head
2016,4,7.0,11.8,-0.1,9.4,4.5,52.9,-5.2,15.2,47, ,Malin Head
2016,5,10.5,18.8,3.4,13.4,7.6,65.6,-2.5,12.1,46, ,Malin Head
2016,6,13.3,20.1,7.9,15.8,10.9,72.4,2.4,9.9,30, ,Malin Head
2016,7,14.3,22.9,8.1,17.1,11.6,109.9,4.2,12.4,36, ,Malin Head
2016,8,15.0,23.9,9.1,17.6,12.5,79.9,3.8,13.3,50, ,Malin Head
2016,9,14.0,21.3,6.9,16.8,11.3,94.7,1.3,14.6,51, ,Malin Head
2016,10,11.2,16.1,3.9,13.5,8.8,37.6,0.2,13.7,46, ,Malin Head
2016,11,7.7,14.1,-0.6,9.8,5.6,113.9,-4.3,14.9,51, ,Malin Head
2016,12,7.9,15.1,2.1,10.2,5.6,76.0,-2.3,16.8,63, ,Malin Head
2017,1,6.8,11.6,-0.5,8.9,4.7,56.7,-6.7,16.5,58, ,Malin Head
2017,2,6.4,12.4,-0.5,8.8,4.0,85.1,-3.4,17.6,62, ,Malin Head
2017,3,7.7,16.8,-0.2,10.7,4.7,96.9,-5.5,14.0,51, ,Malin Head
2017,4,8.9,15.7,3.0,11.4,6.4,41.1,0.5,14.4,56, ,Malin Head
2017,5,11.8,25.1,4.6,15.2,8.3,50.9,0.3,11.3,41, ,Malin Head
2017,6,13.5,21.0,7.2,15.7,11.2,77.7,0.6,14.5,41, ,Malin Head
2017,7,14.1,24.7,7.6,16.8,11.4,114.6,4.5,13.0,43, ,Malin Head
2017,8,14.4,20.6,8.6,17.0,11.7,172.5,3.7,13.1,38, ,Malin Head
2017,9,12.7,18.5,6.7,15.5,10.0,88.2,3.3,15.0,46, ,Malin Head
2017,10,11.8,17.1,3.7,13.9,9.7,109.9,2.2,18.0,57, ,Malin Head
2017,11,7.8,13.0,1.8,9.9,5.8,137.5,-0.3,16.9,60, ,Malin Head
2017,12,6.9,12.6,0.3,9.0,4.9,117.0,-2.1,16.9,67, ,Malin Head
2018,1,5.5,11.7,-2.0,7.7,3.4,203.7,-4.8,18.4,58, ,Malin Head
2018,2,4.5,10.4,-2.4,6.9,2.0,74.2,-3.6,17.2,52, ,Malin Head
2018,3,5.1,11.2,-2.4,7.4,2.7,67.2,-3.9,17.8,56, ,Malin Head
2018,4,8.5,20.0,0.3,11.3,5.7,63.4,-2.1,14.3,50, ,Malin Head
2018,5,11.7,20.5,3.8,14.9,8.4,41.5,-1.0,11.7,46, ,Malin Head
2018,6,13.5,25.2,7.4,16.1,10.8,51.1,5.5,9.2,54, ,Malin Head
2018,7,14.9,23.4,7.8,17.8,12.1,60.3,6.1,9.9,43, ,Malin Head
2018,8,14.4,20.8,8.1,16.8,12.0,126.0,6.3,13.3,38, ,Malin Head
2018,9,12.5,19.8,7.1,14.9,10.0,108.5,2.6,16.3,63, ,Malin Head
2018,10,10.4,19.4,1.5,12.9,8.0,105.8,-2.9,16.7,55, ,Malin Head
2018,11,8.5,15.3,2.5,10.7,6.2,100.8,-1.6,17.5,59, ,Malin Head
2018,12,7.8,12.8,1.2,9.6,6.0,97.7,-2.4,15.8,55, ,Malin Head
2019,1,6.4,12.1,-1.8,8.2,4.6,81.5,-5.3,15.3,66, ,Malin Head
2019,2,8.1,14.6,1.4,10.7,5.5,59.7,-1.2,15.9,59, ,Malin Head
2019,3,7.6,14.7,2.1,9.9,5.3,138.8,0.2,18.4,70, ,Malin Head
2019,4,9.3,21.4,1.0,12.1,6.4,49.9,-5.4,15.6,53, ,Malin Head
2019,5,10.0,20.5,3.3,13.0,7.0,79.9,-2.1,10.9,39, ,Malin Head
2019,6,12.4,21.8,5.6,15.0,9.9,67.3,-1.2,12.3,44, ,Malin Head
2019,7,15.4,25.7,9.0,17.9,13.0,85.9,5.2,11.4,36, ,Malin Head
2019,8,15.1,20.5,10.0,17.7,12.6,162.9,8.2,13.6,49, ,Malin Head
2019,9,13.5,21.0,7.4,16.0,11.0,124.5,4.7,13.8,50, ,Malin Head
2019,10,10.2,16.1,3.4,12.3,8.2,82.6,1.6,16.3,46, ,Malin Head
2019,11,7.3,12.5,0.3,9.3,5.4,91.7,-1.5,14.9,55, ,Malin Head
2019,12,7.0,12.6,0.5,9.2,4.8,124.2,-2.1,17.3,61, ,Malin Head
2020,1,7.1,14.3,1.2,9.1,5.1,79.3,-2.1,19.1,62, ,Malin Head
2020,2,5.6,11.2,1.0,8.2,3.0,210.4,-2.0,22.3,70, ,Malin Head
2020,3,6.6,13.0,0.6,9.0,4.1,79.4,-1.5,16.5,63, ,Malin Head
2020,4,8.8,16.3,2.1,11.6,6.0,20.1,-1.9,12.4,46, ,Malin Head
2020,5,11.2,23.2,1.0,14.3,8.0,37.3,-1.0,13.2,63, ,Malin Head
2020,6,12.5,20.2,4.8,14.7,10.2,106.3,3.8,12.1,48, ,Malin Head
2020,7,13.5,19.6,8.1,15.7,11.3,133.8,6.3,13.4,47, ,Malin Head
2020,8,14.5,21.6,7.3,16.8,12.3,123.1,5.4,11.5,58, ,Malin Head
2020,9,13.2,20.8,3.6,15.9,10.5,115.7,1.0,14.2,41, ,Malin Head
2020,10,10.4,14.9,5.2,12.5,8.3,148.4,1.7,17.2,70, ,Malin Head
2020,11,9.1,14.6,1.6,11.1,7.0,130.0,-1.5,15.6,49, ,Malin Head
2020,12,6.4,11.9,0.5,8.5,4.3,144.3,-1.7,17.9,64, ,Malin Head
2021,1,5.1,10.2,-2.4,7.0,3.3,126.9,-5.9,15.2,48, ,Malin Head
2021,2,6.1,13.8,-0.7,8.1,4.0,96.1,-2.6,20.9,59, ,Malin Head
2021,3,7.5,14.7,1.7,9.8,5.2,90.7,-5.2,14.8,51, ,Malin Head
2021,4,7.3,14.3,0.1,10.2,4.3,31.6,-3.4,12.4,46, ,Malin Head
2021,5,9.4,21.5,1.4,12.6,6.2,99.3,-1.0,12.4,57, ,Malin Head
2021,6,13.2,22.3,7.6,15.8,10.5,49.0,3.4,12.2,39, ,Malin Head
2021,7,14.9,23.5,10.4,17.2,12.6,52.0,6.3,7.8,35, ,Malin Head
2021,8,14.4,20.3,9.0,16.7,12.1,69.1,4.9,9.2,39, ,Malin Head
2021,9,14.3,22.8,7.8,16.9,11.7,68.3,5.5,11.2,44, ,Malin Head
2021,10,11.8,18.3,4.9,14.1,9.5,156.2,2.8,14.9,52, ,Malin Head
2021,11,9.6,15.6,3.7,11.4,7.7,95.4,2.5,18.6,70, ,Malin Head
2021,12,7.2,13.1,1.6,9.3,5.2,115.2,-1.2,15.8,64, ,Malin Head
2022,1,7.3,14.9,0.9,9.2,5.3,93.1,-1.6,17.5,58, ,Malin Head
2022,2,6.9,11.8,0.3,9.2,4.5,177.3,-0.9,22.0,72, ,Malin Head
2022,3,7.6,17.2,0.1,10.7,4.4,23.3,-5.2,12.9,54, ,Malin Head
2022,4,8.6,16.0,1.7,11.5,5.8,84.2,-2.4,13.6,50, ,Malin Head
2022,5,11.9,19.4,8.0,14.3,9.4,74.8,2.1,14.3,41, ,Malin Head
2022,6,13.3,18.8,7.7,15.8,10.8,66.4,2.6,13.4,43, ,Malin Head
2022,7,14.6,23.0,8.9,17.0,12.3,66.3,8.5,11.7,40, ,Malin Head
2022,8,14.7,21.1,7.7,17.5,12.0,44.1,5.1,11.0,35, ,Malin Head
2022,9,14.0,20.5,9.6,16.2,11.9,98.2,6.5,13.6,53, ,Malin Head
2022,10,11.9,17.7,6.3,14.1,9.7,162.1,3.6,16.7,50, ,Malin Head
2022,11,9.4,17.0,2.8,11.8,7.0,110.6,0.0,16.2,55, ,Malin Head
2022,12,5.7,14.3,-1.7,7.9,3.5,109.1,-4.5,15.6,55, ,Malin Head
2023,1,6.5,11.8,-1.2,8.6,4.5,109.2,-3.2,17.3,61, ,Malin Head
2023,2,7.8,14.4,-0.8,10.0,5.6,55.6,-3.0,16.4,52, ,Malin Head
2023,3,7.3,15.1,-1.3,10.0,4.5,99.1,-4.4,13.0,51, ,Malin Head
2023,4,9.3,18.7,1.9,12.1,6.5,68.0,-1.2,13.7,49, ,Malin Head
2023,5,11.7,20.1,4.0,14.6,8.8,48.2,1.4,10.7,40, ,Malin Head
2023,6,15.1,25.2,8.2,18.2,12.0,66.8,3.7,10.3,36, ,Malin Head
2023,7,14.9,24.1,10.3,17.3,12.5,192.6,6.9,13.8,41, ,Malin Head
2023,8,15.3,23.1,9.6,17.7,12.9,117.4,8.2,14.4,47, ,Malin Head
2023,9,14.6,26.2,7.5,17.3,11.9,103.3,6.2,13.7,55, ,Malin Head
2023,10,11.7,18.2,3.8,13.8,9.5,114.6,2.4,17.5,57, ,Malin Head
2023,11,8.2,13.3,2.0,10.4,6.0,129.2,1.2,14.9,52, ,Malin Head
2023,12,7.6,12.7,-1.8,9.6,5.6,214.2,-1.2,18.5,62, ,Malin Head
2024,1,6.2,14.2,-0.6,8.5,3.9,111.4,-3.4,16.7,72, ,Malin Head
2024,2,7.2,12.2,1.6,9.4,5.0,111.0,-1.0,16.9,57, ,Malin Head
2024,3,7.3,14.0,1.2,9.9,4.8,86.0,-1.4,17.0,52, ,Malin Head
2024,4,8.7,16.2,2.7,11.4,6.0,86.8,-0.9,15.0,57, ,Malin Head
2024,5,12.1,23.1,8.3,14.4,9.9,42.0,2.7,10.3,39, ,Malin Head
2024,6,12.2,22.9,6.2,14.7,9.8,60.9,2.3,14.4,43, ,Malin Head
2024,7,13.7,21.0,7.7,16.3,11.2,71.8,5.2,11.5,42, ,Malin Head
2024,8,14.5,21.7,9.9,17.2,11.8,181.3,5.0,15.9,47, ,Malin Head
2024,9,12.8,22.8,6.8,15.0,10.5,58.1,3.7,13.6,46, ,Malin Head
2024,10,11.7,17.8,5.2,13.9,9.4,64.3,3.2,15.4,59, ,Malin Head
2000,1,4.9,11.0,-2.1,7.4,2.4,57.9,-7.9,7.6,41,54.8,Mullingar
2000,2,6.0,14.4,-0.8,9.5,2.4,96.0,-6.4,9.9,44,81.8,Mullingar
2000,3,7.4,13.5,-0.8,10.6,4.2,33.9,-7.7,7.0,37,89.1,Mullingar
2000,4,6.7,16.6,-4.2,10.6,2.7,64.4,-9.1,6.6,34,142.1,Mullingar
2000,5,10.9,22.6,2.0,15.9,6.0,47.8,-1.9,6.9,30,249.9,Mullingar
2000,6,13.4,26.3,4.0,17.6,9.1,54.6,-0.3,6.9,30,143.5,Mullingar
2000,7,15.1,22.8,6.7,19.2,10.9,49.8,3.1,5.5,27,145.8,Mullingar
2000,8,15.1,23.5,4.7,20.1,10.2,66.3,1.4,5.3,25,187.4,Mullingar
2000,9,13.1,21.2,1.9,17.4,8.8,112.0,-2.5,6.0,32,109.2,Mullingar
2000,10,8.7,17.2,-1.3,12.7,4.8,152.9,-5.4,8.5,41,120.0,Mullingar
2000,11,5.7,13.2,-1.0,8.9,2.6,147.8,-5.8,8.7,48,71.0,Mullingar
2000,12,4.7,12.4,-8.0,7.3,2.2,124.8,-10.9,8.0,41,37.6,Mullingar
2001,1,3.2,10.2,-5.5,6.1,0.3,38.1,-10.3,6.7,35,79.5,Mullingar
2001,2,4.2,12.6,-5.4,8.1,0.3,48.6,-10.0,6.7,45,98.5,Mullingar
2001,3,4.9,13.2,-8.0,8.4,1.5,70.9,-12.7,7.8,39,110.8,Mullingar
2001,4,7.2,13.7,-1.1,11.4,3.0,90.0,-9.8,7.2,44,146.7,Mullingar
2001,5,11.8,23.4,-1.1,17.1,6.5,40.6,-4.7,5.5,35,233.3,Mullingar
2001,6,12.6,22.0,2.3,17.0,8.2,80.4,-2.6,5.9,29,138.8,Mullingar
2001,7,14.7,25.5,3.9,19.1,10.4,43.5,1.1,5.7,36,115.9,Mullingar
2001,8,14.4,22.9,4.2,19.1,9.6,105.0,1.2,5.0,37,171.8,Mullingar
2001,9,13.1,19.9,4.3,17.2,9.0,54.5,-1.4,6.3,38,134.9,Mullingar
2001,10,11.4,19.8,0.1,15.1,7.8,96.3,-2.9,7.9,38,96.6,Mullingar
2001,11,7.6,14.5,-1.4,10.8,4.4,59.9,-7.3,6.4,37,42.2,Mullingar
2001,12,4.4,12.8,-7.5,7.8,0.9,35.8,-11.3,6.6,43,104.4,Mullingar
2002,1,6.3,13.6,-8.0,9.4,3.1,126.4,-12.0,8.9,50,52.8,Mullingar
2002,2,6.2,12.9,-3.0,9.5,2.9,183.7,-8.2,10.3,44,72.6,Mullingar
2002,3,7.1,14.3,-2.5,10.8,3.4,58.3,-7.8,8.4,47,107.7,Mullingar
2002,4,8.2,17.7,-2.3,12.5,3.9,77.4,-8.1,8.1,43,170.5,Mullingar
2002,5,10.8,17.9,1.2,14.9,6.7,117.6,-2.6,7.5,43,151.3,Mullingar
2002,6,12.7,19.8,5.6,16.4,9.0,89.6,1.7,7.6,35,144.6,Mullingar
2002,7,14.3,23.1,6.8,17.7,10.8,81.3,3.5,5.5,25,98.7,Mullingar
2002,8,15.2,25.0,7.0,19.1,11.3,46.0,3.1,5.2,37,137.9,Mullingar
2002,9,13.0,20.5,2.4,17.6,8.4,18.9,-0.7,5.0,29,129.7,Mullingar
2002,10,9.0,19.2,-2.1,12.9,5.1,157.6,-6.8,6.2,48,109.4,Mullingar
2002,11,8.0,15.3,-1.9,10.9,5.1,148.2,-6.5,7.8,49,67.9,Mullingar
2002,12,5.8,12.6,-3.8,7.7,3.9,107.6,-8.7,7.0,38,37.6,Mullingar
2003,1,4.7,11.6,-5.7,7.5,1.8,57.5,-10.2,8.2,42,83.9,Mullingar
2003,2,4.7,12.0,-5.0,7.9,1.5,33.6,-10.4,8.0,36,95.0,Mullingar
2003,3,7.2,15.9,-1.2,12.3,2.2,43.7,-6.9,6.9,38,159.9,Mullingar
2003,4,9.3,21.6,-3.1,13.8,4.7,65.4,-7.7,7.1,41,180.8,Mullingar
2003,5,10.6,23.6,2.3,14.6,6.6,126.9,-1.8,7.7,34,161.1,Mullingar
2003,6,13.5,21.8,4.5,17.9,9.0,84.0,1.4,6.9,30,172.5,Mullingar
2003,7,15.7,24.7,9.1,19.6,11.9,61.7,3.7,6.3,30,123.4,Mullingar
2003,8,16.0,29.1,5.5,21.0,11.1,13.3,-0.4,5.0,26,194.3,Mullingar
2003,9,12.8,23.2,3.3,17.6,8.0,48.6,-1.1,5.1,27,115.7,Mullingar
2003,10,8.8,18.1,-2.5,12.9,4.7,44.2,-6.7,6.2,35,133.7,Mullingar
2003,11,7.4,17.0,-2.8,11.2,3.6,79.6,-6.5,8.1,37,102.1,Mullingar
2003,12,4.9,12.7,-5.7,8.1,1.7,79.2,-10.9,6.3,34,67.0,Mullingar
2004,1,4.9,11.7,-6.3,7.8,1.9,108.3,-11.0,7.3,50,65.9,Mullingar
2004,2,4.6,14.3,-6.1,8.8,0.4,31.9,-11.7,6.4,37,126.5,Mullingar
2004,3,6.3,14.3,-6.2,10.5,2.1,62.8,-11.1,8.3,51,153.3,Mullingar
2004,4,8.4,17.4,-0.5,12.6,4.3,58.7,-5.0,7.4,40,158.2,Mullingar
2004,5,11.0,18.6,1.2,15.8,6.2,51.6,-2.5,5.8,33,190.0,Mullingar
2004,6,14.2,22.9,4.3,18.5,9.8,68.2,-0.5,7.0,30,169.4,Mullingar
2004,7,14.0,22.5,4.1,18.1,9.8,51.1,0.9,5.7,29,161.3,Mullingar
2004,8,15.5,25.9,4.3,19.6,11.4,121.9,1.4,5.9,28,145.4,Mullingar
2004,9,13.6,23.1,4.9,17.0,10.3,86.8,-1.2,7.9,35,120.8,Mullingar
2004,10,8.3,15.6,-3.0,12.1,4.4,156.3,-7.6,6.7,38,127.9,Mullingar
2004,11,7.7,13.2,0.3,10.4,5.1,69.1,-5.6,6.3,31,49.5,Mullingar
2004,12,5.9,12.1,-3.3,8.8,3.0,86.4,-9.0,8.0,37,49.9,Mullingar
2005,1,6.3,13.2,-1.9,9.1,3.4,127.3,-6.2,9.8,57,54.7,Mullingar
2005,2,4.7,11.5,-2.7,7.8,1.6,36.5,-8.1,6.8,40,84.5,Mullingar
2005,3,7.8,19.1,-4.4,11.3,4.3,63.5,-10.1,7.1,29,103.1,Mullingar
2005,4,7.9,17.0,-1.6,12.2,3.7,81.6,-5.3,7.6,37,151.1,Mullingar
2005,5,10.0,18.3,0.1,14.6,5.4,87.6,-4.7,7.0,34,206.5,Mullingar
2005,6,14.4,23.2,4.4,18.6,10.1,36.9,0.2,5.8,29,141.3,Mullingar
2005,7,15.5,27.2,7.3,19.2,11.7,67.3,4.4,5.2,30,132.9,Mullingar
2005,8,14.6,23.0,6.3,19.2,10.1,58.0,3.2,5.3,30,141.8,Mullingar
2005,9,13.2,22.9,0.1,17.6,8.8,59.6,-2.9,6.7,33,109.6,Mullingar
2005,10,11.1,18.7,-0.7,14.6,7.6,108.6,-4.3,7.4,35,75.7,Mullingar
2005,11,5.9,16.4,-3.4,9.7,2.2,71.0,-7.0,6.6,46,89.5,Mullingar
2005,12,5.2,11.8,-4.2,8.2,2.2,68.8,-10.0,6.0,31,51.2,Mullingar
2006,1,5.2,12.1,-2.3,8.1,2.4,38.5,-7.3,6.9,39,59.0,Mullingar
2006,2,4.5,12.5,-4.8,7.8,1.1,44.8,-8.8,6.4,35,74.3,Mullingar
2006,3,5.2,14.1,-7.2,8.6,1.8,119.2,-12.2,7.7,33,90.6,Mullingar
2006,4,7.9,16.8,-4.4,12.5,3.4,50.6,-9.1,6.8,34,188.7,Mullingar
2006,5,10.5,21.6,0.5,14.7,6.3,133.7,-3.1,7.1,33,168.8,Mullingar
2006,6,14.6,25.6,4.7,19.5,9.7,20.8,2.3,5.7,33,211.3,Mullingar
2006,7,16.9,29.4,4.5,22.6,11.2,48.3,0.5,5.6,29,232.4,Mullingar
2006,8,14.7,23.7,4.5,18.5,10.8,60.3,1.5,5.6,27,114.7,Mullingar
2006,9,14.4,22.1,2.6,18.5,10.3,133.9,-1.3,7.0,44,112.0,Mullingar
2006,10,11.3,18.1,3.1,15.2,7.3,106.3,-1.1,6.4,34,112.1,Mullingar
2006,11,6.8,13.3,-4.0,10.4,3.2,88.4,-7.9,7.5,40,88.1,Mullingar
2006,12,5.9,13.0,-4.3,8.7,3.0,159.7,-8.1,8.4,52,50.6,Mullingar
2007,1,6.2,12.5,-1.8,8.8,3.5,125.9,-7.6,8.5,51, ,Mullingar
2007,2,5.0,12.8,-6.7,8.6,1.5,79.1,-11.7,6.5,40, ,Mullingar
2007,3,6.0,13.6,-2.9,10.5,1.5,71.6,-6.5,7.0,41, ,Mullingar
2007,4,10.4,20.6,-1.1,15.7,5.0,26.0,-4.7,5.2,29, ,Mullingar
2007,5,10.4,21.7,0.6,15.0,5.8,69.3,-3.1,6.3,35, ,Mullingar
2007,6,13.5,24.0,3.3,17.7,9.4,113.6,1.3,5.6,26, ,Mullingar
2007,7,14.0,21.2,5.2,18.1,9.9,156.4,2.5,5.0,35, ,Mullingar
2007,8,14.5,23.0,7.8,18.4,10.5,100.1,4.5,5.0,25, ,Mullingar
2007,9,12.6,21.3,0.4,16.8,8.4,42.0,-3.8,4.9,28, ,Mullingar
2007,10,10.6,17.5,-2.9,14.9,6.3,44.4,-5.2,4.9,28, ,Mullingar
2007,11,8.1,15.7,-2.6,10.9,5.2,53.2,-5.8,5.7,30, ,Mullingar
2007,12,5.7,13.8,-2.8,9.0,2.5,113.4,-8.2,7.8,40, ,Mullingar
2008,1,5.6,13.1,-3.5,8.8,2.3,138.5,-6.4,8.1,41, ,Mullingar
2008,2,5.4,13.8,-6.1,9.3,1.5,54.6,-9.7,7.3,43, ,Mullingar
2008,3,5.5,11.6,-2.5,9.4,1.6,91.6,-7.6,7.9,45, ,Mullingar
2008,4,7.5,16.4,-1.9,12.0,2.9,59.1,-5.7,6.6,34, ,Mullingar
2008,5,12.5,23.1,2.2,17.5,7.6,23.4,-1.5,6.4,33, ,Mullingar
2008,6,12.5,22.1,1.5,17.1,7.9,84.7,-0.9,5.6,36, ,Mullingar
2008,7,14.6,23.8,3.6,18.8,10.3,110.1,0.6,5.7,30, ,Mullingar
2008,8,14.9,20.7,7.1,18.2,11.7,154.5,3.9,5.7,25, ,Mullingar
2008,9,12.0,19.7,4.0,16.2,7.8,104.8,0.7,5.0,28, ,Mullingar
2008,10,8.1,16.3,-1.1,12.3,4.0,124.0,-5.1,6.5,34, ,Mullingar
2008,11,6.7,12.3,-5.2,9.3,4.0,78.2,-9.2,6.3,33, ,Mullingar
2008,12,4.1,12.1,-5.3,7.2,1.0,61.5,-8.9,5.5,38, ,Mullingar
2009,1,3.5,11.3,-7.3,6.8,0.3,104.6,-10.4,7.1,48, ,Mullingar
2009,2,4.9,11.0,-4.6,7.9,1.9,25.8,-8.0,4.6,28, ,Mullingar
2009,3,6.5,16.4,-2.2,10.8,2.2,40.7,-5.0,6.5,34, ,Mullingar
2009,4,8.7,17.6,-0.5,12.9,4.4,102.9,-4.0,6.2,34, ,Mullingar
2009,5,10.8,22.1,2.2,15.2,6.5,75.0,-0.9,7.0,33, ,Mullingar
2009,6,14.4,26.6,4.4,19.3,9.5,86.6,1.3,5.0,29, ,Mullingar
2009,7,14.7,23.5,6.9,18.7,10.8,196.3,2.1,5.8,27, ,Mullingar
2009,8,14.5,21.6,6.3,18.5,10.5,135.2,1.3,6.6,28, ,Mullingar
2009,9,12.5,19.8,3.4,16.6,8.3,38.1,-1.2,5.0,27, ,Mullingar
2009,10,10.9,16.2,-0.7,14.3,7.4,89.7,-4.5,5.6,34, ,Mullingar
2009,11,6.5,14.0,-2.4,9.6,3.4,213.6,-6.4,7.6,44, ,Mullingar
2009,12,2.2,11.2,-10.0,5.4,-1.0,73.9,-13.0,5.6,37, ,Mullingar
2010,1,1.5,10.6,-9.8,4.7,-1.8,45.0,-12.4,5.3,36, ,Mullingar
2010,2,2.2,9.2,-5.8,5.9,-1.4,41.9,-10.5,4.1,25, ,Mullingar
2010,3,4.8,14.0,-6.6,9.6,0.1,82.0,-11.5,5.5,35, ,Mullingar
2010,4,8.6,18.3,-3.5,13.7,3.4,53.5,-7.6,5.5,37, ,Mullingar
2010,5,10.5,24.9,-0.1,15.6,5.4,41.3,-4.7,4.9,22, ,Mullingar
2010,6,15.0,24.8,5.6,20.0,10.1,50.3,1.0,4.8,23, ,Mullingar
2010,7,15.2,22.1,7.2,18.9,11.5,149.9,4.0,5.8,33, ,Mullingar
2010,8,13.6,23.0,3.9,17.9,9.3,47.3,-0.5,5.1,25, ,Mullingar
2010,9,13.0,21.9,2.5,16.9,9.1,164.5,-1.1,5.9,29, ,Mullingar
2010,10,9.5,19.5,-4.1,13.7,5.2,59.4,-8.4,5.9,29, ,Mullingar
2010,11,4.7,14.9,-5.3,7.9,1.5,125.2,-9.7,6.1,40, ,Mullingar
2010,12,-1.1,10.6,-14.1,2.4,-4.6,37.2,-16.6,3.6,27, ,Mullingar
2011,1,2.9,11.9,-6.6,6.0,-0.3,47.1,-10.8,4.7,32, ,Mullingar
2011,2,6.3,13.6,-3.1,10.0,2.6,119.0,-6.9,6.8,41, ,Mullingar
2011,3,6.0,16.2,-4.7,11.0,1.1,36.1,-8.6,4.6,41, ,Mullingar
2011,4,10.5,20.6,0.4,16.0,5.0,35.0,-2.9,5.8,32, ,Mullingar
2011,5,10.6,17.3,2.1,14.4,6.9,67.3,-1.3,8.8,43, ,Mullingar
2011,6,11.6,24.1,0.5,16.4,6.7,65.1,-2.5,5.3,28, ,Mullingar
2011,7,14.1,21.6,5.1,18.3,9.9,60.3,1.6,4.7,27, ,Mullingar
2011,8,13.1,21.7,3.7,17.6,8.7,65.1,-0.1,4.6,23, ,Mullingar
2011,9,13.3,22.2,5.0,16.7,9.8,122.1,1.6,7.8,41, ,Mullingar
2011,10,11.0,18.2,1.9,14.2,7.8,133.0,-2.9,7.6,38, ,Mullingar
2011,11,8.9,14.9,-2.3,12.2,5.7,106.2,-7.6,7.9,37, ,Mullingar
2011,12,5.1,12.6,-4.9,8.1,2.1,87.8,-10.1,8.1,37, ,Mullingar
2012,1,5.8,11.8,-3.1,8.6,3.1,97.4,-7.2,7.7,45, ,Mullingar
2012,2,6.6,13.0,-6.3,9.1,4.1,42.4,-11.3,6.4,28, ,Mullingar
2012,3,7.9,19.6,-2.1,12.5,3.2,15.4,-6.0,5.9,33, ,Mullingar
2012,4,6.7,13.6,-0.5,10.7,2.7,75.4,-5.2,6.3,32, ,Mullingar
2012,5,10.5,23.3,-0.4,15.1,5.9,55.1,-5.3,5.7,31, ,Mullingar
2012,6,13.0,22.7,4.5,16.6,9.3,175.1,0.3,5.7,31, ,Mullingar
2012,7,14.0,22.0,5.5,17.9,10.1,122.1,0.9,5.1,24, ,Mullingar
2012,8,15.4,24.9,6.2,19.3,11.5,128.9,1.3,6.4,32, ,Mullingar
2012,9,11.8,21.9,0.2,15.9,7.7,62.0,-4.5,5.8,32, ,Mullingar
2012,10,8.0,15.2,-1.0,11.9,4.0,90.9,-7.4,5.1,30, ,Mullingar
2012,11,5.5,13.2,-3.5,8.7,2.2,68.3,-8.1,6.1,40, ,Mullingar
2012,12,4.7,12.7,-3.3,7.8,1.6,91.2,-9.0,6.4,47, ,Mullingar
2013,1,4.5,13.4,-5.4,7.4,1.6,117.8,-10.2,6.6,42, ,Mullingar
2013,2,4.1,10.7,-5.8,7.3,0.9,54.8,-10.7,6.0,38, ,Mullingar
2013,3,3.1,11.5,-5.1,6.4,-0.3,40.1,-9.3,7.2,36, ,Mullingar
2013,4,6.6,15.4,-6.5,11.1,2.1,78.1,-11.3,7.7,38, ,Mullingar
2013,5,9.9,19.7,2.4,14.0,5.8,72.2,-2.1,6.9,31, ,Mullingar
2013,6,13.3,22.9,4.6,18.3,8.3,62.6,-0.1,5.4,27, ,Mullingar
2013,7,17.3,28.3,8.2,22.6,12.1,62.8,4.0,4.6,24, ,Mullingar
2013,8,15.1,21.9,6.6,19.3,11.0,52.8,2.3,5.3,24, ,Mullingar
2013,9,13.1,22.5,2.0,17.0,9.1,53.8,-1.3,5.4,34, ,Mullingar
2013,10,11.3,20.2,1.5,14.7,7.9,179.3,-3.4,5.9,34, ,Mullingar
2013,11,5.8,13.2,-3.7,9.1,2.5,46.6,-8.6,5.0,37, ,Mullingar
2013,12,6.1,14.0,-1.3,9.0,3.2,142.5,-7.2,8.9,58, ,Mullingar
2014,1,4.6,11.4,-3.1,7.6,1.6,147.1,-9.2,7.3,40, ,Mullingar
2014,2,5.1,10.7,-4.3,8.3,1.9,154.9,-8.8,9.3,47, ,Mullingar
2014,3,6.5,14.8,-2.9,10.4,2.6,72.3,-7.9,6.6,34, ,Mullingar
2014,4,9.4,18.7,-0.3,14.3,4.5,55.4,-5.2,6.3,30, ,Mullingar
2014,5,11.3,19.7,4.4,15.1,7.5,128.6,-0.1,5.6,28, ,Mullingar
2014,6,14.1,24.9,4.9,18.9,9.3,63.4,-0.5,4.6,24, ,Mullingar
2014,7,15.8,26.6,6.1,20.7,10.8,31.6, ,4.9,24, ,Mullingar
2014,8,13.4,22.5,3.7,17.5,9.2,153.8,1.3,5.7,29, ,Mullingar
2014,9,13.6,23.3,2.8,18.6,8.7,16.1,-0.8,3.9,20, ,Mullingar
2014,10,10.2,17.4,-1.0,14.3,6.1,121.2,-4.9,6.5,37, ,Mullingar
2014,11,6.9,13.2,-2.1,10.3,3.4,154.4,-6.9,5.2,28, ,Mullingar
2014,12,4.8,12.2,-6.9,7.6,1.9,100.7,-10.4,6.8,38, ,Mullingar
2015,1,4.1,13.5,-5.8,7.4,0.9,92.9,-9.1,8.0,44, ,Mullingar
2015,2,4.1,13.2,-5.1,7.2,0.9,53.7,-8.6,6.1,42, ,Mullingar
2015,3,5.4,14.7,-4.6,9.9,0.9,92.8,-8.3,7.1,40, ,Mullingar
2015,4,7.7,19.2,-4.0,13.8,1.7,64.2,-8.3,5.5,31, ,Mullingar
2015,5,9.5,17.0,0.2,13.6,5.3,135.3,-2.8,7.2,33, ,Mullingar
2015,6,12.7,23.2,3.7,17.4,8.0,37.1,-2.4,6.1,37, ,Mullingar
2015,7,13.4,22.6,4.1,17.5,9.4,76.5,-0.0,6.1,29, ,Mullingar
2015,8,13.4,22.2,4.0,18.1,8.7,97.1,0.5,5.4,30, ,Mullingar
2015,9,11.6,20.3,3.6,15.9,7.3,39.2,-0.9,5.0,22, ,Mullingar
2015,10,9.8,18.5,0.6,13.9,5.6,57.6,-2.5,5.2,30, ,Mullingar
2015,11,7.9,15.4,-2.6,11.6,4.2,184.4,-6.7,7.5,41, ,Mullingar
2015,12,7.4,14.3,-0.6,10.6,4.1,274.3,-3.3,9.3,44, ,Mullingar
2016,1,4.9,13.5,-3.6,8.1,1.7,121.9,-9.0,7.5,39, ,Mullingar
2016,2,4.1,11.7,-5.9,7.7,0.5,111.8,-10.2,7.1,42, ,Mullingar
2016,3,5.7,13.2,-5.1,10.0,1.5,58.2,-9.3,6.1,40, ,Mullingar
2016,4,6.6,16.2,-1.7,10.9,2.3,91.2,-8.0,6.3,33, ,Mullingar
2016,5,11.6,21.0,2.6,16.2,7.0,61.6,-2.8,5.8,29, ,Mullingar
2016,6,14.4,23.2,5.0,18.6,10.2,130.3,-0.7,4.6,25, ,Mullingar
2016,7,15.1,27.0,6.8,18.9,11.3,70.1,3.0,5.2,25, ,Mullingar
2016,8,14.9,23.4,5.8,18.8,11.0,98.6,5.2,5.8,28, ,Mullingar
2016,9,13.5,23.4,2.9,17.3,9.8,90.5,-0.1,6.4,35, ,Mullingar
2016,10,10.1,17.1,0.1,13.6,6.5,33.9,-2.2,5.2,28, ,Mullingar
2016,11,5.1,14.3,-3.0,8.6,1.6,50.7,-7.3,4.8,27, ,Mullingar
2016,12,5.7,14.8,-5.5,9.1,2.3,69.5,-9.1,5.8,33, ,Mullingar
2017,1,5.4,11.3,-3.9,8.2,2.6,41.4,-9.5,6.0,33, ,Mullingar
2017,2,5.5,12.3,-5.6,8.6,2.4,75.2,-9.5,7.8,52, ,Mullingar
2017,3,7.5,15.9,-1.7,11.3,3.8,83.7,-6.0,7.0,32, ,Mullingar
2017,4,8.2,17.4,-1.0,12.3,4.2,14.1,-4.1,5.4,29, ,Mullingar
2017,5,11.7,24.2,-0.1,16.9,6.6,70.7,-3.7,6.1,33, ,Mullingar
2017,6,13.9,25.9,3.6,18.0,9.8,98.1,0.8,6.1,28, ,Mullingar
2017,7,14.7,25.0,4.2,19.2,10.2,90.5,0.0,5.2,34, ,Mullingar
2017,8,13.8,21.6,4.3,18.2,9.5,77.4,1.5,5.2,27, ,Mullingar
2017,9,12.0,21.8,1.7,16.1,8.0,113.1,-0.6,5.8,35, ,Mullingar
2017,10,10.7,17.5,0.9,14.2,7.2,104.4,-2.8,6.7,49, ,Mullingar
2017,11,6.0,14.8,-3.5,9.6,2.4,78.2,-8.0,5.2,29, ,Mullingar
2017,12,4.9,13.0,-5.3,7.7,2.0,106.1,-9.2,6.0,44, ,Mullingar
2018,1,4.7,12.2,-2.4,7.8,1.5,148.1,-7.2,7.7,47, ,Mullingar
2018,2,3.1,12.8,-4.8,6.6,-0.3,52.4,-8.5,6.5,35, ,Mullingar
2018,3,4.1,13.4,-5.1,7.9,0.3,73.6,-8.9,7.0,39, ,Mullingar
2018,4,8.2,19.4,-5.3,12.3,4.0,58.9,-8.6,7.0,43, ,Mullingar
2018,5,11.8,23.7,0.9,17.1,6.6,33.9,-2.2,5.7,30, ,Mullingar
2018,6,15.6,28.7,4.3,21.3,9.8,27.1,-0.3,4.8,41, ,Mullingar
2018,7,16.2,27.4,6.0,21.5,10.9,33.5,2.4,4.6,25, ,Mullingar
2018,8,14.7,23.7,2.6,19.1,10.3,60.2,-0.2,5.1,25, ,Mullingar
2018,9,11.6,21.9,-1.6,16.0,7.1,45.8,-4.0,5.5,51, ,Mullingar
2018,10,9.0,19.9,-3.9,13.2,4.8,41.7,-7.0,5.8,36, ,Mullingar
2018,11,7.2,14.4,-4.1,10.2,4.2,105.8,-7.9,7.4,39, ,Mullingar
2018,12,7.3,12.4,-2.0,9.5,5.1,100.6,-6.5,6.9,40, ,Mullingar
2019,1,5.1,11.2,-4.8,7.5,2.7,41.3,-9.7,5.2,33, ,Mullingar
2019,2,7.0,16.0,-3.7,10.7,3.2,48.8,-8.5,8.2,43, ,Mullingar
2019,3,6.7,16.4,-2.5,11.0,2.3,157.1,-6.4,7.0,39, ,Mullingar
2019,4,8.7,21.1,-2.1,12.9,4.6,58.6,-5.9,6.8,41, ,Mullingar
2019,5,10.6,19.8,-2.5,15.4,5.9,43.2,-6.4,4.9,26, ,Mullingar
2019,6,12.5,23.0,3.1,17.1,8.0,79.6,-0.4,5.7,30, ,Mullingar
2019,7,16.1,24.6,6.3,20.5,11.7,78.1,3.0,5.3,29, ,Mullingar
2019,8,15.0,23.7,4.7,19.3,10.8,151.9,1.6,6.1,29, ,Mullingar
2019,9,12.6,21.6,2.9,17.3,7.9,131.7,0.8,5.4,32, ,Mullingar
2019,10,8.9,16.4,-1.1,12.6,5.1,90.8,-4.9,5.6,32, ,Mullingar
2019,11,5.9,12.7,-4.0,8.6,3.2,126.7,-7.8,5.3,30, ,Mullingar
2019,12,5.4,12.7,-2.3,8.2,2.6,82.8,-6.3,7.1,41, ,Mullingar
2020,1,5.5,13.9,-6.1,8.5,2.4,54.4,-9.0,7.2,48, ,Mullingar
2020,2,5.2,12.4,-2.3,8.7,1.8,197.5,-5.7,9.3,41, ,Mullingar
2020,3,6.1,15.8,-3.8,10.4,1.7,61.0,-7.6,7.2,41, ,Mullingar
2020,4,9.5,20.3,-3.0,14.6,4.4,41.9,-7.0,6.0,29, ,Mullingar
2020,5,11.7,25.6,-3.2,17.5,6.0,10.1,-7.0,6.0,40, ,Mullingar
2020,6,13.6,25.1,3.9,17.8,9.5,96.6,-0.1,5.9,32, ,Mullingar
2020,7,14.1,20.6,3.7,17.7,10.5,126.3,-0.6,5.7,32, ,Mullingar
2020,8,14.9,24.4,5.5,18.8,11.0,114.0,0.1,5.5,45, ,Mullingar
2020,9,12.7,22.4,-1.7,16.9,8.5,68.3,-4.2,5.7,24, ,Mullingar
2020,10,9.4,15.0,0.7,12.7,6.1,131.8,-2.4,6.8,37, ,Mullingar
2020,11,7.6,15.6,-1.1,10.8,4.3,87.7,-4.9,6.8,36, ,Mullingar
2020,12,4.5,11.8,-2.9,7.2,1.8,89.3,-7.9,6.6,38, ,Mullingar
2021,1,3.3,10.8,-8.2,6.3,0.3,126.9,-12.5,5.4,31, ,Mullingar
2021,2,5.6,13.3,-2.3,8.5,2.7,80.3,-6.7,8.6,40, ,Mullingar
2021,3,7.4,17.4,-2.7,10.9,3.9,80.9,-6.7,6.8,34, ,Mullingar
2021,4,7.0,17.6,-3.4,12.2,1.7,25.5,-8.2,5.3,27, ,Mullingar
2021,5,9.3,21.6,-3.3,14.5,4.0,107.4,-7.0,6.0,32, ,Mullingar
2021,6,13.8,22.3,3.7,18.7,8.9,17.4,-1.2,5.5,28, ,Mullingar
2021,7,17.1,29.5,6.2,21.7,12.4,74.9,2.9,4.1,22, ,Mullingar
2021,8,14.9,23.9,4.8,19.2,10.6,142.1,1.2,4.7,30, ,Mullingar
2021,9,14.5,25.4,4.4,18.4,10.6,58.1,-0.5,4.7,25, ,Mullingar
2021,10,11.4,19.3,2.8,14.7,8.0,97.7,-1.5,6.1,32, ,Mullingar
2021,11,7.8,16.5,0.2,10.7,4.9,41.6,-4.7,5.5,30, ,Mullingar
2021,12,6.3,13.4,-2.1,9.1,3.6,128.0,-5.8,6.6,49, ,Mullingar
2022,1,5.1,14.1,-4.4,8.5,1.7,47.6,-8.4,5.6,34, ,Mullingar
2022,2,6.2,13.0,-2.6,9.5,2.8,131.8,-8.4,8.7,49, ,Mullingar
2022,3,6.6,18.3,-4.9,12.1,1.1,46.2,-10.1,6.0,39, ,Mullingar
2022,4,8.1,16.9,-4.6,12.9,3.3,48.7,-8.8,6.4,38, ,Mullingar
2022,5,12.0,19.8,4.1,16.3,7.8,53.4,-0.9,6.3,31, ,Mullingar
2022,6,13.5,22.6,4.5,17.6,9.4,100.6,-0.5,5.9,30, ,Mullingar
2022,7,16.2,30.4,7.1,20.6,11.7,31.6,3.4,4.9,25, ,Mullingar
2022,8,15.5,27.7,5.2,21.2,9.8,35.2,1.5,4.6,27, ,Mullingar
2022,9,12.9,20.6,2.4,17.3,8.5,104.1,-0.7,4.8,28, ,Mullingar
2022,10,11.3,17.6,0.8,15.1,7.4,208.8,-1.9,7.0,33, ,Mullingar
2022,11,8.2,16.4,-1.1,11.2,5.2,109.3,-5.6,7.5,36, ,Mullingar
2022,12,3.4,13.1,-6.8,6.2,0.6,84.5,-9.1,5.5,29, ,Mullingar
2023,1,5.3,12.4,-5.6,8.1,2.5,81.1,-10.0,6.5,39, ,Mullingar
2023,2,6.8,13.4,-4.3,9.9,3.7,29.8,-8.0,6.4,26, ,Mullingar
2023,3,6.9,16.4,-3.1,10.4,3.3,141.4,-7.6,6.7,34, ,Mullingar
2023,4,8.7,19.5,-2.5,13.3,4.1,82.8,-6.4,6.5,39, ,Mullingar
2023,5,12.3,21.2,1.8,17.3,7.3,36.4,-1.0,5.0,24, ,Mullingar
2023,6,15.9,25.7,5.7,20.9,10.9,53.3,0.9,5.7,24, ,Mullingar
2023,7,14.5,21.3,6.9,18.2,10.9,178.8,3.5,5.8,31, ,Mullingar
2023,8,15.3,23.4,6.7,19.3,11.4,114.3,3.1,5.9,32, ,Mullingar
2023,9,14.3,28.0,3.4,18.7,10.0,132.9,0.7,5.6,35, ,Mullingar
2023,10,10.8,22.8,-1.3,14.6,7.0,104.5,-4.5,5.2,25, ,Mullingar
2023,11,6.8,13.4,-2.1,10.1,3.6,71.2,-5.2,5.6,53, ,Mullingar
2023,12,6.5,12.4,-4.8,9.0,4.1,132.0,-9.4,7.9,40, ,Mullingar
2024,1,4.4,13.3,-4.8,7.5,1.3,83.1,-10.4,6.4,47, ,Mullingar
2024,2,7.0,13.0,-0.3,10.1,3.9,91.9,-4.0,6.6,31, ,Mullingar
2024,3,7.0,14.0,-1.2,10.5,3.4,117.3,-5.6,7.2,39, ,Mullingar
2024,4,8.6,17.7,-1.0,12.9,4.4,97.0,-5.7,6.8,45, ,Mullingar
2024,5,13.0,22.8,4.5,17.1,8.9,57.1,1.0,5.2,25, ,Mullingar
2024,6,12.7,23.8,3.5,17.4,8.1,49.4,-1.4,5.2,27, ,Mullingar
2024,7,14.5,23.2,5.6,18.8,10.2,65.6,-0.1,5.0,28, ,Mullingar
2024,8,14.5,22.9,5.1,18.9,10.1,82.7,1.4,6.6,31, ,Mullingar
2024,9,12.3,24.8,0.4,16.5,8.2,47.5,-2.5,5.5,28, ,Mullingar
2024,10,10.5,17.9,-1.5,14.2,6.7,59.9,-6.0,6.4,47, ,Mullingar
